testId;confId;B*_cf1;B*_cf4;B*_cf6;B*_cfx;MatchesShort;MatchesLong;ControlMatchShort;ControlMatchLong;C_rax1;C_rax2;C_rax3;C_rax4;C_rax5;C_rax6;C_cf1;C_cf4;C_cf6;C_cfx;CalcC_rax1;CalcC_rax2;CalcC_rax3;CalcC_rax4;CalcC_rax5;CalcC_rax6;CalcC_cf1;CalcC_cf4;CalcC_cf6;CalcC_cfx;PathL_rax1;PathL_rax2;PathL_rax3;PathL_rax4;PathL_rax5;PathL_rax6
1;5;0;0;0;0;TRUE;FALSE;TRUE;FALSE;45.0004;-17.5512;3.9027;-89.9996;20.2686;-44.9996;0;-1;-1;0;45.0004;-17.5512;3.9027;-89.9996;20.2686;-44.9996;0;-1;-1;0;45.0004;-17.5512;3.9027;-89.9996;20.2686;-44.9996
1;6;0;4;0;0;FALSE;TRUE;FALSE;TRUE;45.0003;-17.5512;3.9027;270;20.2686;-44.9996;0;3;-1;0;45.0004;-17.5512;3.9027;270;20.2686;-44.9996;0;3;-1;0;45.0004;-17.5512;3.9027;270;20.2686;-44.9996
4;1;0;-4;-4;0;TRUE;FALSE;TRUE;FALSE;90.0005;-18.1701;41.0059;-180;56.6967;-180;1;-2;-2;0;90.0003;-18.1701;41.0059;-180;56.6967;-180;1;-2;-2;0;90.0003;-18.1701;41.0059;-180;56.6967;-180
4;4;0;-4;0;0;FALSE;TRUE;FALSE;TRUE;90.001;-18.17;41.0058;-180;56.6967;180;1;-2;2;0;90.0003;-18.1701;41.0059;-180;56.6967;180;1;-2;2;0;90.0003;-18.1701;41.0059;-180;56.6967;180
7;1;0;-4;-4;0;FALSE;TRUE;FALSE;TRUE;0.00222482;31.9679;26.4243;-179.999;44.9682;-224.999;0;-2;-3;0;0.000739783;31.9694;26.4257;-179.999;44.9684;-224.999;0;-2;-3;0;0.000739877;31.9694;26.4257;-179.999;44.9684;-224.999
7;2;0;0;-4;0;TRUE;FALSE;TRUE;FALSE;0.000394299;31.9684;26.4245;180.001;44.9685;-225;0;2;-3;0;0.000739783;31.9694;26.4257;180.001;44.9684;-224.999;0;2;-3;0;0.00073968;31.9694;26.4257;180.001;44.9684;-224.999
9;5;0;0;0;0;FALSE;TRUE;FALSE;TRUE;-90.0007;-29.3912;41.2717;-90.0007;49.9344;-90.0007;-2;-2;-2;0;-90.0007;-29.3912;41.2717;-90.0007;49.9344;-90.0007;-2;-2;-2;0;-90.0007;-29.3912;41.2717;-90.0007;49.9344;-90.0007
12;4;0;-4;0;0;TRUE;FALSE;TRUE;FALSE;134.998;14.8255;5.47802;-135;21.0744;44.9997;1;-2;0;0;135;14.8265;5.47776;-135;21.0743;44.9996;1;-2;0;0;135;14.8265;5.47776;-135;21.0743;44.9996
12;5;0;0;0;0;FALSE;TRUE;FALSE;TRUE;134.998;14.8257;5.47791;224.999;21.0741;44.9998;1;2;0;0;135;14.8265;5.47776;225;21.0743;44.9996;1;2;0;0;135;14.8265;5.47776;225;21.0743;44.9996
16;2;0;0;-4;0;TRUE;FALSE;TRUE;FALSE;45.0002;-11.4243;-0.148001;-135;17.304;-270;0;-2;-3;0;45.0001;-11.4243;-0.148013;-135;17.304;-270;0;-2;-3;0;45.0001;-11.4243;-0.148012;-135;17.304;-270
19;2;0;0;-4;0;TRUE;FALSE;TRUE;FALSE;-45.0026;43.0868;35.281;224.999;55.3272;-225.001;-1;2;-3;0;-45.0008;43.0879;35.2809;224.999;55.327;-225.001;-1;2;-3;0;-45.0008;43.0879;35.2809;224.999;55.327;-225.001
22;5;0;0;0;0;TRUE;FALSE;TRUE;FALSE;44.9993;-25.3522;43.9894;89.9996;47.2848;-90.0003;0;0;-2;0;44.9997;-25.3517;43.9894;89.9997;47.2848;-90.0003;0;0;-2;0;44.9997;-25.3517;43.9894;89.9997;47.2848;-90.0003
23;6;0;4;0;0;TRUE;FALSE;TRUE;FALSE;134.998;51.3193;-17.3027;269.999;18.8715;44.9995;1;2;0;0;134.999;51.3205;-17.3031;269.999;18.8714;44.9991;1;2;0;0;134.999;51.3205;-17.3031;269.999;18.8714;44.9991
27;5;0;0;0;0;FALSE;TRUE;FALSE;TRUE;89.9995;-41.2421;11.8296;179.999;38.673;-45.0006;0;1;-1;0;89.9994;-41.2421;11.8296;179.999;38.673;-45.0006;0;1;-1;0;89.9994;-41.2421;11.8296;179.999;38.673;-45.0006
27;8;0;0;4;0;TRUE;FALSE;TRUE;FALSE;89.9995;-41.2421;11.8296;179.999;38.673;314.999;0;1;3;0;89.9994;-41.2421;11.8296;179.999;38.673;314.999;0;1;3;0;89.9994;-41.2421;11.8296;179.999;38.673;314.999
28;5;0;0;0;0;TRUE;FALSE;TRUE;FALSE;89.9999;26.7793;48.5242;225;34.3389;-45.0002;0;2;-1;0;89.9998;26.78;48.5241;225;34.3388;-45.0002;0;2;-1;0;89.9998;26.78;48.5241;225;34.3388;-45.0002
31;1;0;-4;-4;0;TRUE;FALSE;TRUE;FALSE;-45.0031;11.4905;15.5242;-180;54.4665;-135;-1;-3;-2;0;-45.0007;11.4902;15.5232;-180.001;54.4664;-135.001;-1;-3;-2;0;-45.0007;11.4902;15.5232;-180.001;54.4664;-135.001
31;4;0;-4;0;0;FALSE;TRUE;FALSE;TRUE;-45.0033;11.4903;15.524;-180.001;54.4663;224.999;-1;-3;2;0;-45.0007;11.4902;15.5232;-180.001;54.4664;224.999;-1;-3;2;0;-45.0007;11.4902;15.5232;-180.001;54.4664;224.999
37;5;0;0;0;0;TRUE;FALSE;TRUE;FALSE;0.00232992;37.2052;-42.3055;90.001;55.816;0.000845712;0;1;0;0;0.000991918;37.2063;-42.3057;90.001;55.8159;0.000964574;0;1;0;0;0.000991918;37.2063;-42.3057;90.001;55.8159;0.000964574
40;8;0;0;4;0;TRUE;FALSE;TRUE;FALSE;0.00216664;21.2242;-41.8254;135.001;25.5861;225.001;0;1;2;0;0.000737447;21.2244;-41.8256;135.001;25.5861;225.001;0;1;2;0;0.00073748;21.2244;-41.8256;135.001;25.5861;225.001
46;1;0;-4;-4;0;FALSE;TRUE;FALSE;TRUE;45.0006;-4.25369;16.2215;-269.999;8.85525;-269.999;0;-3;-3;0;45.0007;-4.25367;16.2215;-269.999;8.85525;-269.999;0;-3;-3;0;45.0007;-4.25367;16.2215;-269.999;8.85525;-269.999
46;2;0;0;-4;0;TRUE;FALSE;TRUE;FALSE;45.0007;-4.25413;16.2214;90.0006;8.85523;-269.999;0;1;-3;0;45.0007;-4.25367;16.2215;90.0007;8.85525;-269.999;0;1;-3;0;45.0007;-4.25367;16.2215;90.0007;8.85525;-269.999
50;7;0;-4;4;0;TRUE;FALSE;TRUE;FALSE;90.0008;-20.9717;-47.8439;-135;22.0136;270;1;-2;2;0;89.9996;-20.9717;-47.8442;-135;22.0136;270;0;-2;2;0;89.9996;-20.9717;-47.8442;-135;22.0136;270
51;5;0;0;0;0;TRUE;FALSE;TRUE;FALSE;0.000371285;1.78851;18.8478;135;22.6362;-89.9995;0;1;-1;0;0.000420681;1.789;18.8479;135;22.6362;-89.9996;0;1;-1;0;0.00042069;1.789;18.8479;135;22.6362;-89.9996
51;8;0;0;4;0;FALSE;TRUE;FALSE;TRUE;0.000850458;1.78843;18.8478;135;22.6362;270;0;1;3;0;0.000420681;1.789;18.8479;135;22.6362;270;0;1;3;0;0.000420802;1.789;18.8479;135;22.6362;270
53;1;0;-4;-4;0;TRUE;FALSE;TRUE;FALSE;-0.00035259;-28.9554;33.9439;-180;2.64412;-135;-1;-3;-2;0;-0.000453216;-28.9554;33.9439;-180;2.64412;-135;-1;-3;-2;0;-0.000453213;-28.9554;33.9439;-180;2.64412;-135
56;2;0;0;-4;0;FALSE;TRUE;FALSE;TRUE;-134.999;34.2462;-77.4175;-135;30.0944;-179.999;-2;-2;-2;0;-134.999;34.2473;-77.4173;-134.999;30.0943;-179.999;-2;-2;-2;0;-134.999;34.2473;-77.4172;-134.999;30.0943;-179.999
56;5;0;0;0;0;FALSE;FALSE;TRUE;FALSE;-135;34.2466;-77.4174;-135;30.0943;180.001;-2;-2;2;0;-134.999;34.2473;-77.4173;-134.999;30.0943;180.001;-2;-2;2;0;-134.999;34.2473;-77.4172;-134.999;30.0943;180.001
58;8;0;0;4;0;TRUE;FALSE;TRUE;FALSE;-89.9996;59.8238;-65.6777;90.0008;6.37043;270;-1;1;3;0;-89.9996;59.8242;-65.6776;90.0005;6.37043;270;-1;1;3;0;-89.9996;59.8242;-65.6776;90.0006;6.37043;270
64;4;0;-4;0;0;TRUE;FALSE;TRUE;FALSE;0.00131241;29.7092;-29.9511;-179.999;24.0169;0.000631353;0;-2;0;0;0.000611133;29.7098;-29.9512;-179.999;24.0168;0.000611074;0;-2;0;0;0.000611133;29.7098;-29.9512;-179.999;24.0168;0.000611074
66;4;0;-4;0;0;TRUE;FALSE;TRUE;FALSE;44.9964;49.9825;31.7099;-135;59.1724;180;0;-2;2;0;45;49.9838;31.7103;-135;59.1723;180;0;-2;1;0;45;49.9838;31.7103;-135;59.1723;180
67;2;0;0;-4;0;TRUE;FALSE;TRUE;FALSE;89.999;-28.5747;-16.8387;-90.0005;11.4738;-315;0;-2;-4;0;89.9996;-28.5745;-16.8389;-90.0004;11.4737;-315;0;-2;-4;0;89.9996;-28.5745;-16.8389;-90.0004;11.4737;-315
67;3;0;4;-4;0;FALSE;TRUE;FALSE;TRUE;89.999;-28.5746;-16.8388;269.999;11.4737;-315;0;2;-4;0;89.9996;-28.5745;-16.8389;270;11.4737;-315;0;2;-4;0;89.9996;-28.5745;-16.8389;270;11.4737;-315
68;4;0;-4;0;0;TRUE;FALSE;FALSE;FALSE;-44.9998;30.5843;-11.0544;-225;52.4852;-0.000488256;-1;-3;-1;0;-45.0004;30.585;-11.0544;-225;52.4851;-0.000424009;-1;-3;-1;0;9E+9;9E+9;9E+9;9E+9;9E+9;9E+9
69;4;0;-4;0;0;TRUE;FALSE;TRUE;FALSE;-89.9973;-4.08966;-66.7927;-269.999;32.7073;90.0009;-1;-3;1;0;-89.999;-4.08885;-66.7925;-269.999;32.7073;90.001;-1;-3;1;0;-89.999;-4.08885;-66.7925;-269.999;32.7073;90.001
72;5;0;0;0;0;TRUE;FALSE;TRUE;FALSE;-135;34.5689;-72.3709;-44.9996;56.2736;180;-2;-1;2;0;-135;34.5695;-72.3707;-44.9996;56.2737;180;-2;-1;2;0;-135;34.5695;-72.3707;-44.9996;56.2737;180
73;4;0;-4;0;0;TRUE;FALSE;TRUE;FALSE;44.9993;16.2359;-23.3019;-270.001;45.9902;134.999;0;-4;1;0;44.9995;16.2365;-23.3018;-270.001;45.9902;134.999;0;-4;1;0;44.9995;16.2365;-23.3018;-270.001;45.9902;134.999
74;4;0;-4;0;0;TRUE;FALSE;TRUE;FALSE;-44.998;52.7328;28.5131;-135;44.8731;-90.0001;-1;-2;-2;0;-45.0001;52.7342;28.5125;-135;44.8732;-90.0001;-1;-2;-2;0;-45.0001;52.7342;28.5125;-135;44.8732;-90.0001
79;1;0;-4;-4;0;TRUE;FALSE;TRUE;FALSE;135;-21.7335;-0.195594;-135;48.7478;-360;1;-2;-5;0;135;-21.7334;-0.195621;-135;48.7478;-360;1;-2;-5;0;135;-21.7334;-0.195621;-135;48.7478;-360
79;4;0;-4;0;0;FALSE;TRUE;FALSE;TRUE;134.999;-21.7337;-0.19519;-135;48.7478;-2.53313E-5;1;-2;-1;0;135;-21.7334;-0.195621;-135;48.7478;-0.000116593;1;-2;-1;0;135;-21.7334;-0.195621;-135;48.7478;-0.000117794
82;8;0;0;4;0;FALSE;TRUE;FALSE;TRUE;135;-35.4492;42.2989;-89.9993;45.0196;315.001;1;-1;3;0;135.001;-35.4485;42.2993;-89.9994;45.0197;315.001;1;-1;3;0;135.001;-35.4485;42.2993;-89.9994;45.0197;315.001
82;9;0;4;4;0;TRUE;FALSE;TRUE;FALSE;135.001;-35.4489;42.299;270.001;45.0197;315.001;1;3;3;0;135.001;-35.4485;42.2993;270.001;45.0197;315.001;1;3;3;0;135.001;-35.4485;42.2993;270.001;45.0197;315.001
83;5;0;0;0;0;TRUE;FALSE;TRUE;FALSE;135.001;23.3588;-18.4337;-89.9991;49.0354;-134.999;1;-1;-2;0;135.001;23.3595;-18.4338;-89.9991;49.0353;-134.999;1;-1;-2;0;135.001;23.3595;-18.4338;-89.9991;49.0353;-134.999
83;8;0;0;4;0;FALSE;TRUE;FALSE;TRUE;135.001;23.3588;-18.4337;-89.9992;49.0354;225.001;1;-1;2;0;135.001;23.3595;-18.4338;-89.9991;49.0353;225.001;1;-1;2;0;135.001;23.3595;-18.4338;-89.9991;49.0353;225.001
85;8;0;0;4;0;FALSE;TRUE;FALSE;TRUE;-44.9987;29.6506;-61.7816;-90.0002;34.9944;315;-1;-2;3;0;-44.9998;29.6512;-61.7817;-89.9998;34.9944;315;-1;-1;3;0;-44.9998;29.6512;-61.7817;-89.9998;34.9944;315
88;5;0;0;0;0;TRUE;FALSE;TRUE;FALSE;-0.00195342;36.6308;-37.5088;-89.9997;53.7156;180.001;-1;-1;2;0;0.000497925;36.6314;-37.5091;-89.9995;53.7156;180.001;0;-1;2;0;0.000497925;36.6314;-37.5091;-89.9995;53.7156;180.001
89;5;0;0;0;0;TRUE;FALSE;TRUE;FALSE;-90.0002;2.05999;-14.1966;180;2.29804;-90.0003;-2;1;-2;0;-90.0003;2.06001;-14.1966;180;2.29804;-90.0003;-2;1;-2;0;-90.0003;2.06001;-14.1966;180;2.29804;-90.0003
90;5;0;0;0;0;TRUE;FALSE;TRUE;FALSE;44.9985;49.606;-65.1105;-0.000921851;53.1168;-90.0009;0;-1;-2;0;44.9991;49.6066;-65.1103;-0.000908008;53.1168;-90.0009;0;-1;-2;0;44.9991;49.6066;-65.1103;-0.000908011;53.1168;-90.0009
102;3;0;4;-4;0;TRUE;FALSE;TRUE;FALSE;-89.9998;-12.197;23.7358;270;2.80709;-225;-1;3;-3;0;-89.9998;-12.197;23.7358;270;2.80709;-225;-1;3;-3;0;-89.9998;-12.197;23.7358;270;2.80709;-225
103;5;0;0;0;0;TRUE;FALSE;TRUE;FALSE;-3.55671E-5;13.5112;5.64442;0.000848926;55.501;90.0009;-1;0;1;0;0.00091901;13.5118;5.64439;0.000918909;55.501;90.0009;0;0;1;0;0.000918963;13.5118;5.64439;0.00091965;55.501;90.0009
104;1;0;-4;-4;0;TRUE;FALSE;TRUE;FALSE;-44.9993;59.5011;28.5404;-135.001;55.4021;-135.001;-1;-2;-2;0;-45.001;59.5019;28.5403;-135.001;55.4021;-135.001;-1;-2;-2;0;-45.001;59.5019;28.5403;-135.001;55.4021;-135.001
107;5;0;0;0;0;FALSE;TRUE;FALSE;TRUE;-134.998;31.7745;-54.7397;45.0009;36.3494;90.0008;-2;0;1;0;-134.999;31.7753;-54.7395;45.0008;36.3494;90.0008;-2;0;1;0;-134.999;31.7753;-54.7395;45.0008;36.3494;90.0008
108;2;0;0;-4;0;TRUE;FALSE;TRUE;FALSE;-134.999;-17.6275;-10.0979;-134.999;50.4617;-269.999;-2;-2;-3;0;-134.999;-17.6281;-10.0983;-134.999;50.4618;-269.999;-2;-2;-3;0;-134.999;-17.6281;-10.0983;-134.999;50.4618;-269.999
108;3;0;4;-4;0;FALSE;FALSE;FALSE;TRUE;-134.999;-17.627;-10.0973;225;50.4617;-269.999;-2;2;-3;0;-134.999;-17.6281;-10.0983;225.001;50.4618;-269.999;-2;2;-3;0;-134.999;-17.6281;-10.0983;225.001;50.4618;-269.999
109;6;0;4;0;0;FALSE;TRUE;FALSE;TRUE;-90.0028;3.68517;-72.2956;269.999;33.4105;-90.0011;-2;2;-2;0;-90.0009;3.68605;-72.2953;269.999;33.4104;-90.001;-2;2;-2;0;-90.0009;3.68605;-72.2953;269.999;33.4104;-90.001
110;2;0;0;-4;0;TRUE;FALSE;TRUE;FALSE;44.9995;-8.05195;16.5625;-90.0004;8.47071;-270;0;-2;-4;0;44.9998;-8.05139;16.5627;-90.0002;8.47072;-270;0;-2;-4;0;44.9998;-8.05139;16.5627;-90.0002;8.47072;-270
111;5;0;0;0;0;TRUE;FALSE;TRUE;FALSE;45.0001;19.7849;-50.2325;0.000311268;43.0128;-135;0;0;-2;0;45.0003;19.7852;-50.2326;0.000301317;43.0128;-135;0;0;-2;0;45.0003;19.7852;-50.2326;0.00030152;43.0128;-135
111;8;0;0;4;0;FALSE;TRUE;FALSE;TRUE;45.0001;19.7848;-50.2325;0.000309337;43.0128;225;0;0;2;0;45.0003;19.7852;-50.2326;0.000301317;43.0128;225;0;0;2;0;45.0003;19.7852;-50.2326;0.000299739;43.0128;225
115;4;0;-4;0;0;FALSE;TRUE;FALSE;TRUE;-0.00038571;51.4853;-43.4721;-225;6.21662;-45.0003;-1;-3;-1;0;-0.000290098;51.4853;-43.4721;-225;6.21662;-45.0003;-1;-3;-1;0;-0.00029002;51.4853;-43.4721;-225;6.21662;-45.0003
115;5;0;0;0;0;TRUE;FALSE;TRUE;FALSE;-0.00274339;51.4849;-43.472;134.999;6.21653;-44.9999;-1;1;-1;0;-0.000290098;51.4853;-43.4721;135;6.21662;-45.0003;-1;1;-1;0;-0.000290208;51.4853;-43.4721;135;6.21662;-45.0003
116;2;0;0;-4;0;FALSE;TRUE;FALSE;TRUE;89.9992;-16.797;44.4497;180;46.2484;-360;0;2;-4;0;90.0001;-16.7968;44.4496;180;46.2484;-360;1;2;-4;0;90.0001;-16.7968;44.4496;180;46.2484;-360
116;5;0;0;0;0;TRUE;FALSE;TRUE;FALSE;89.9984;-16.7976;44.4497;180;46.2483;9.83678E-5;0;2;0;0;90.0001;-16.7968;44.4496;180;46.2484;9.77951E-5;1;2;0;0;90.0001;-16.7968;44.4496;180;46.2484;9.89124E-5
117;7;0;-4;4;0;TRUE;FALSE;TRUE;FALSE;-44.9989;-9.25718;-9.40789;-135;46.0654;270;-1;-2;2;0;-45.0003;-9.25626;-9.40794;-135;46.0653;270;-1;-2;2;0;-45.0003;-9.25626;-9.40794;-135;46.0653;270
119;1;0;-4;-4;0;FALSE;TRUE;FALSE;TRUE;-44.999;49.7199;27.1522;-135;39.14;-135;-1;-2;-2;0;-45.0001;49.7201;27.1517;-135;39.14;-135;-1;-2;-2;0;-45.0001;49.7201;27.1517;-135;39.14;-135
122;1;0;-4;-4;0;FALSE;TRUE;FALSE;TRUE;-44.999;-3.99059;-41.7662;-135;45.7888;-135.001;-1;-2;-2;0;-45.0006;-3.98999;-41.7661;-135.001;45.7888;-135.001;-1;-2;-2;0;-45.0006;-3.98999;-41.7661;-135.001;45.7888;-135.001
122;2;0;0;-4;0;TRUE;FALSE;TRUE;FALSE;-44.9995;-3.9904;-41.7661;224.999;45.7888;-135.001;-1;2;-2;0;-45.0006;-3.98999;-41.7661;224.999;45.7888;-135.001;-1;2;-2;0;-45.0006;-3.98999;-41.7661;224.999;45.7888;-135.001
124;5;0;0;0;0;FALSE;TRUE;FALSE;TRUE;-0.000931517;-40.2934;10.8144;89.9996;33.9488;-0.000677799;-1;0;-1;0;-0.000517769;-40.2936;10.8139;89.9995;33.9488;-0.000532491;-1;0;-1;0;-0.000517962;-40.2936;10.8139;89.9995;33.9488;-0.000532234
126;5;0;0;0;0;TRUE;FALSE;TRUE;FALSE;135;8.5348;24.5648;45.0007;50.7821;90.0009;1;0;1;0;135.001;8.5348;24.565;45.0009;50.7822;90.0009;1;0;1;0;135.001;8.5348;24.565;45.0009;50.7822;90.0009
129;4;0;-4;0;0;TRUE;FALSE;TRUE;FALSE;-134.999;38.2608;-53.2796;-179.999;24.6175;180;-2;-2;2;0;-134.999;38.2611;-53.2795;-179.999;24.6175;180.001;-2;-2;2;0;-134.999;38.2611;-53.2795;-179.999;24.6174;180.001
129;5;0;0;0;0;FALSE;FALSE;FALSE;TRUE;-135;38.2609;-53.2796;180;24.6175;180.001;-2;2;2;0;-134.999;38.2611;-53.2795;180.001;24.6175;180.001;-2;2;2;0;-134.999;38.2611;-53.2795;180.001;24.6174;180.001
131;4;0;-4;0;0;TRUE;FALSE;TRUE;FALSE;-45.0003;16.1742;-24.0239;-135;1.38981;44.9997;-1;-2;0;0;-45.0002;16.1742;-24.0239;-135;1.38981;44.9996;-1;-2;0;0;-45.0002;16.1742;-24.0239;-135;1.38981;44.9997
133;2;0;0;-4;0;TRUE;FALSE;TRUE;FALSE;89.9996;28.3322;3.98626;180.001;24.4544;-179.999;0;2;-2;0;90.0006;28.3328;3.98602;180.001;24.4545;-179.999;1;2;-2;0;90.0006;28.3328;3.98602;180.001;24.4545;-179.999
134;2;0;0;-4;0;TRUE;FALSE;TRUE;FALSE;135;-13.1895;-27.9952;225;2.47017;-360;1;2;-5;0;135;-13.1895;-27.9952;225;2.47017;-360;1;2;-5;0;135;-13.1895;-27.9952;225;2.47017;-360
134;5;0;0;0;0;FALSE;TRUE;FALSE;TRUE;135;-13.1895;-27.9952;225;2.47017;-0.000374232;1;2;-1;0;135;-13.1895;-27.9952;225;2.47017;-0.000378917;1;2;-1;0;135;-13.1895;-27.9952;225;2.47017;-0.000377768
142;5;0;0;0;0;FALSE;TRUE;FALSE;TRUE;45.0005;1.13318;-12.6535;-134.999;19.8639;-89.9995;0;-2;-1;0;45.0006;1.13346;-12.6533;-134.999;19.8639;-89.9994;0;-2;-1;0;45.0006;1.13346;-12.6533;-134.999;19.8639;-89.9994
143;5;0;0;0;0;FALSE;TRUE;FALSE;TRUE;89.9988;40.6077;-10.4118;-135;24.7896;45.0007;0;-2;0;0;90.0003;40.6085;-10.4117;-135;24.7896;45.0003;1;-2;0;0;90.0003;40.6085;-10.4117;-135;24.7896;45.0003
149;5;0;0;0;0;TRUE;FALSE;TRUE;FALSE;89.9989;-5.92441;-63.349;180;38.9862;180;0;1;1;0;89.9998;-5.92366;-63.3488;180;38.9862;180;0;1;1;0;89.9998;-5.92366;-63.3488;180;38.9862;180
152;8;0;0;4;0;FALSE;TRUE;FALSE;TRUE;-89.9983;14.1379;-4.81753;-44.9999;34.7344;270;-1;-1;3;0;-89.9996;14.138;-4.81765;-44.9996;34.7343;270;-1;-1;3;0;-89.9996;14.138;-4.81765;-44.9996;34.7343;270
153;5;0;0;0;0;FALSE;TRUE;FALSE;TRUE;-45.0002;39.1803;-48.3758;-90.0002;9.54009;135;-1;-2;1;0;-45.0001;39.1803;-48.3758;-90.0002;9.54008;135;-1;-2;1;0;-45.0001;39.1803;-48.3758;-90.0001;9.54008;135
154;5;0;0;0;0;TRUE;FALSE;TRUE;FALSE;44.998;37.7291;-35.1723;89.9998;55.2373;225;0;0;2;0;44.9997;37.73;-35.1723;89.9997;55.2373;225;0;0;2;0;44.9997;37.73;-35.1723;89.9997;55.2373;225
157;8;0;0;4;0;FALSE;TRUE;FALSE;TRUE;-89.9985;12.1226;6.54093;180.001;23.1691;225;-1;2;2;0;-89.9995;12.1238;6.54104;180;23.169;225;-1;2;2;0;-89.9995;12.1238;6.54104;180;23.169;225
159;4;0;-4;0;0;TRUE;FALSE;TRUE;FALSE;45.0024;51.2904;-6.32501;-224.999;23.7587;45.0007;0;-3;0;0;45.0008;51.2912;-6.32526;-224.999;23.7587;45.0008;0;-3;0;0;45.0008;51.2912;-6.32526;-224.999;23.7587;45.0008
163;5;0;0;0;0;TRUE;FALSE;TRUE;FALSE;90.0003;-9.05486;-33.6488;90.0002;2.40974;90.0004;1;1;1;0;90.0003;-9.05484;-33.6488;90.0002;2.40974;90.0004;1;1;1;0;90.0003;-9.05484;-33.6488;90.0002;2.40974;90.0004
165;3;0;4;-4;0;TRUE;FALSE;TRUE;FALSE;-90.0016;26.7095;-33.9864;225;23.517;-269.999;-2;2;-3;0;-89.9996;26.7104;-33.986;225;23.517;-270;-1;2;-3;0;-89.9996;26.7104;-33.986;225;23.517;-270
165;6;0;4;0;0;FALSE;TRUE;FALSE;TRUE;-89.9997;26.7104;-33.986;225;23.517;90.0004;-1;2;1;0;-89.9996;26.7104;-33.986;225;23.517;90.0004;-1;2;1;0;-89.9996;26.7104;-33.986;225;23.5169;90.0004
166;5;0;0;0;0;TRUE;FALSE;TRUE;FALSE;44.999;1.5503;-5.38901;45;33.2109;44.9998;0;0;0;0;44.9999;1.55096;-5.38896;44.9999;33.2108;44.9999;0;0;0;0;44.9999;1.55096;-5.38896;44.9999;33.2108;44.9999
167;2;0;0;-4;0;FALSE;TRUE;FALSE;TRUE;89.998;25.5162;-15.3393;44.9993;6.971;-135.001;0;0;-2;0;89.999;25.5165;-15.3392;44.999;6.97104;-135.001;0;0;-2;0;89.999;25.5165;-15.3392;44.999;6.97104;-135.001
167;5;0;0;0;0;TRUE;FALSE;TRUE;FALSE;89.9975;25.5158;-15.3394;44.999;6.97104;224.999;0;0;2;0;89.999;25.5165;-15.3392;44.999;6.97104;224.999;0;0;2;0;89.999;25.5165;-15.3392;44.999;6.97104;224.999
170;4;0;-4;0;0;TRUE;FALSE;TRUE;FALSE;-44.9992;2.64914;49.1984;-269.999;42.6173;45.0009;-1;-3;0;0;-44.9991;2.64962;49.1986;-269.999;42.6173;45.0009;-1;-3;0;0;-44.9991;2.64962;49.1986;-269.999;42.6173;45.0009
171;4;0;-4;0;0;TRUE;FALSE;TRUE;FALSE;-44.9996;40.1315;7.98151;-135;28.3125;135;-1;-2;1;0;-45.0005;40.1324;7.9812;-135;28.3126;135;-1;-2;1;0;-45.0005;40.1324;7.9812;-135;28.3126;135
171;5;0;0;0;0;FALSE;TRUE;FALSE;TRUE;-45.0001;40.1322;7.98143;224.999;28.3127;135;-1;2;1;0;-45.0005;40.1324;7.9812;225;28.3126;135;-1;2;1;0;-45.0005;40.1324;7.9812;225;28.3126;135
174;3;0;4;-4;0;TRUE;FALSE;TRUE;FALSE;-0.00152124;-43.2342;-21.0472;225;37.1055;-360;-1;2;-4;0;0.000285623;-43.2344;-21.0483;225;37.1056;-360;0;2;-4;0;0.000281654;-43.2344;-21.0483;225;37.1056;-360
177;1;0;-4;-4;0;TRUE;FALSE;TRUE;FALSE;-90.0004;-1.55829;-11.9788;-180;52.6865;-135;-2;-3;-2;0;-90.0003;-1.55827;-11.9788;-180;52.6866;-135;-2;-3;-2;0;-90.0003;-1.55827;-11.9788;-180;52.6866;-135
183;2;0;0;-4;0;FALSE;TRUE;FALSE;TRUE;89.9999;47.7901;-30.6455;135;13.6271;-360;0;1;-5;0;89.9998;47.7901;-30.6455;135;13.6271;-360;0;1;-5;0;89.9998;47.7901;-30.6455;135;13.6271;-360
183;5;0;0;0;0;TRUE;FALSE;TRUE;FALSE;90.0015;47.7886;-30.6452;135.001;13.6272;-0.00077788;1;1;-1;0;89.9998;47.7901;-30.6455;135;13.6271;-0.000156214;0;1;-1;0;89.9998;47.7901;-30.6455;135;13.6271;-0.000152728
187;6;0;4;0;0;TRUE;FALSE;TRUE;FALSE;-89.9978;-45.0877;-18.3229;270;39.2024;180;-1;2;1;0;-90;-45.0874;-18.3227;270;39.2022;180;-2;2;1;0;-90;-45.0874;-18.3227;270;39.2022;180
188;2;0;0;-4;0;FALSE;TRUE;FALSE;TRUE;44.9993;9.29655;-57.727;-0.00072027;2.53608;-180.001;0;-1;-3;0;44.9993;9.29655;-57.727;-0.000718084;2.53608;-180.001;0;-1;-3;0;44.9993;9.29655;-57.727;-0.000695202;2.53608;-180.001
192;2;0;0;-4;0;FALSE;TRUE;FALSE;TRUE;-44.9982;34.8396;-54.454;-44.9992;37.373;-314.999;-1;-1;-4;0;-44.9992;34.8405;-54.4539;-44.9992;37.373;-314.999;-1;-1;-4;0;-44.9992;34.8405;-54.4539;-44.9992;37.373;-314.999
194;5;0;0;0;0;TRUE;FALSE;TRUE;FALSE;89.9982;-25.7366;-45.8685;-44.9993;54.5762;0.000374068;0;-1;0;0;90.0004;-25.7363;-45.8684;-44.9996;54.5763;0.000391562;1;-1;0;0;90.0004;-25.7363;-45.8684;-44.9996;54.5763;0.00038899
195;5;0;0;0;0;TRUE;FALSE;TRUE;FALSE;-45.0008;6.22351;-38.648;134.999;16.9927;134.999;-1;1;1;0;-45.0008;6.22395;-38.6477;134.999;16.9927;134.999;-1;1;1;0;-45.0008;6.22395;-38.6477;134.999;16.9927;134.999
197;4;0;-4;0;0;TRUE;FALSE;TRUE;FALSE;0.00241484;41.2892;5.40692;-224.999;7.38662;135.001;0;-3;1;0;0.000887153;41.2897;5.40634;-224.999;7.3867;135.001;0;-3;1;0;0.00088715;41.2897;5.40634;-224.999;7.3867;135.001
198;2;0;0;-4;0;TRUE;FALSE;TRUE;FALSE;-44.9997;38.9056;45.5327;-89.9998;4.99527;-180;-1;-1;-2;0;-44.9998;38.9056;45.5327;-89.9998;4.99527;-180;-1;-1;-2;0;-44.9998;38.9056;45.5327;-89.9999;4.99527;-180
198;3;0;4;-4;0;FALSE;TRUE;FALSE;TRUE;-44.9969;38.905;45.5327;269.999;4.99532;-179.999;-1;2;-2;0;-44.9998;38.9056;45.5327;270;4.99527;-180;-1;3;-2;0;-44.9998;38.9056;45.5327;270;4.99527;-180
200;2;0;0;-4;0;TRUE;FALSE;TRUE;FALSE;-44.9995;41.0654;-5.88847;179.999;46.2009;-180.001;-1;1;-3;0;-45.0008;41.0663;-5.88885;179.999;46.2007;-180.001;-1;1;-3;0;-45.0008;41.0663;-5.88885;179.999;46.2007;-180.001
205;6;0;4;0;0;FALSE;TRUE;FALSE;TRUE;-44.998;-20.9138;17.8524;225.001;36.961;180.001;-1;2;2;0;-44.9993;-20.9131;17.8521;225.001;36.961;180.001;-1;2;2;0;-44.9993;-20.9131;17.8521;225.001;36.961;180.001
207;5;0;0;0;0;TRUE;FALSE;TRUE;FALSE;0.00159524;-11.7508;-41.5164;-89.999;3.27949;90.0007;0;-1;1;0;0.000831477;-11.7502;-41.5162;-89.9991;3.27952;90.0007;0;-1;1;0;0.000831471;-11.7502;-41.5162;-89.9991;3.27952;90.0007
208;2;0;0;-4;0;TRUE;FALSE;TRUE;FALSE;89.9985;14.3787;-24.3972;135;36.3715;-360;0;1;-5;0;89.9998;14.3797;-24.3968;135;36.3713;-360;0;1;-5;0;89.9998;14.3797;-24.3968;135;36.3713;-360
210;4;0;-4;0;0;FALSE;TRUE;FALSE;TRUE;-0.00110667;7.31895;-20.473;-135.001;24.405;-0.000972945;-1;-2;-1;0;-0.000990616;7.31895;-20.4731;-135.001;24.405;-0.000983213;-1;-2;-1;0;-0.000990611;7.31896;-20.4731;-135.001;24.405;-0.000984532
210;7;0;-4;4;0;TRUE;FALSE;TRUE;FALSE;-0.00219479;7.31881;-20.4727;-135.001;24.405;359.999;-1;-2;3;0;-0.000990616;7.31895;-20.4731;-135.001;24.405;359.999;-1;-2;3;0;-0.000990639;7.31896;-20.4731;-135.001;24.405;359.999
213;2;0;0;-4;0;TRUE;FALSE;TRUE;FALSE;89.9987;30.5516;-25.5787;-90.0001;47.2921;-135;0;-2;-2;0;89.9998;30.5521;-25.5791;-90.0002;47.2921;-135;0;-2;-2;0;89.9998;30.5521;-25.5791;-90.0002;47.2921;-135
215;4;0;-4;0;0;TRUE;FALSE;TRUE;FALSE;-0.00188229;-58.0116;2.79179;-225;40.6544;45.0001;-1;-3;0;0;-3.3044E-5;-58.0114;2.79184;-225;40.6543;45;-1;-3;0;0;-3.49309E-5;-58.0114;2.79184;-225;40.6543;45
216;4;0;-4;0;0;TRUE;FALSE;TRUE;FALSE;-89.9998;5.02942;-47.8603;-180;50.0883;-90.0001;-1;-2;-2;0;-90;5.03007;-47.8601;-180;50.0882;-90;-1;-2;-1;0;-90;5.03007;-47.8601;-180;50.0882;-90
217;5;0;0;0;0;TRUE;FALSE;TRUE;FALSE;-0.000344202;46.1777;-31.9905;-134.999;25.9598;-44.9994;-1;-2;-1;0;0.000678009;46.1788;-31.9904;-134.999;25.9597;-44.9993;0;-2;-1;0;0.000678008;46.1788;-31.9904;-134.999;25.9597;-44.9993
218;5;0;0;0;0;FALSE;TRUE;FALSE;TRUE;-90.0008;2.69355;-2.17138;-45.001;55.4241;-90.001;-2;-1;-2;0;-90.001;2.69357;-2.17139;-45.001;55.4241;-90.001;-2;-1;-2;0;-90.001;2.69357;-2.17139;-45.001;55.4241;-90.001
220;5;0;0;0;0;TRUE;FALSE;TRUE;FALSE;135;-19.2798;-5.73809;180;42.2382;45;1;1;0;0;135;-19.2798;-5.73809;180;42.2382;45;1;1;0;0;135;-19.2798;-5.7381;180;42.2382;45
221;6;0;4;0;0;TRUE;FALSE;TRUE;FALSE;90.0025;-59.6519;16.7414;225.001;55.8141;45.0008;1;2;0;0;90.0008;-59.6521;16.7412;225.001;55.8141;45.0008;1;2;0;0;90.0008;-59.6521;16.7412;225.001;55.8141;45.0008
224;8;0;0;4;0;FALSE;TRUE;FALSE;TRUE;44.9999;27.3173;-39.2708;-90.0005;20.6275;315;0;-2;3;0;44.9997;27.3183;-39.2706;-90.0003;20.6275;315;0;-2;3;0;44.9997;27.3183;-39.2706;-90.0003;20.6275;315
225;5;0;0;0;0;TRUE;FALSE;TRUE;FALSE;134.999;52.1877;34.3964;180.001;8.31502;135;1;2;1;0;135;52.1885;34.3962;180;8.31507;135;1;2;1;0;135;52.1885;34.3962;180;8.31507;135
227;2;0;0;-4;0;FALSE;TRUE;FALSE;TRUE;90.0008;-54.0819;8.59615;180.001;9.71588;-224.999;1;2;-3;0;90.0009;-54.0819;8.59615;180.001;9.71588;-224.999;1;2;-3;0;90.0009;-54.0819;8.59615;180.001;9.71587;-224.999
228;5;0;0;0;0;FALSE;TRUE;FALSE;TRUE;134.999;33.4991;-42.7939;224.999;57.0063;-45.0011;1;2;-1;0;134.999;33.5002;-42.7937;224.999;57.0061;-45.0009;1;2;-1;0;134.999;33.5002;-42.7937;224.999;57.0061;-45.0009
229;9;0;4;4;0;TRUE;FALSE;TRUE;FALSE;90.002;-39.7588;-19.5682;225;58.581;225;1;2;2;0;90.0005;-39.7589;-19.5685;225.001;58.5809;225.001;1;2;2;0;90.0005;-39.7589;-19.5685;225.001;58.5809;225.001
230;5;0;0;0;0;FALSE;TRUE;FALSE;FALSE;-44.9997;12.6064;-24.6311;-90.0005;49.5701;179.999;-1;-2;1;0;-45.0004;12.6072;-24.6309;-90.0004;49.57;180;-1;-2;1;0;9E+9;9E+9;9E+9;9E+9;9E+9;9E+9
231;5;0;0;0;0;TRUE;FALSE;TRUE;FALSE;-134.999;-50.8263;45.3065;-89.9994;18.9172;0.000633854;-2;-1;0;0;-134.999;-50.8261;45.3066;-89.9994;18.9172;0.000639857;-2;-1;0;0;-134.999;-50.8261;45.3066;-89.9994;18.9172;0.000641901
234;2;0;0;-4;0;FALSE;TRUE;FALSE;TRUE;44.9982;9.21518;-58.7469;224.999;58.2806;-270.001;0;2;-4;0;44.9992;9.21597;-58.7466;224.999;58.2806;-270.001;0;2;-4;0;44.9992;9.21597;-58.7466;224.999;58.2806;-270.001
235;2;0;0;-4;0;FALSE;TRUE;FALSE;TRUE;-89.9985;18.389;-66.6658;135.001;18.6847;-269.999;-1;1;-3;0;-89.9993;18.3898;-66.6656;135.001;18.6846;-269.999;-1;1;-3;0;-89.9993;18.3899;-66.6656;135.001;18.6846;-269.999
235;5;0;0;0;0;TRUE;FALSE;TRUE;FALSE;-89.9988;18.3894;-66.6657;135.001;18.6847;90.0006;-1;1;1;0;-89.9993;18.3898;-66.6656;135.001;18.6846;90.0007;-1;1;1;0;-89.9993;18.3899;-66.6656;135.001;18.6846;90.0007
236;2;0;0;-4;0;TRUE;FALSE;TRUE;FALSE;-45.0009;-36.2322;31.5753;134.999;16.3646;-360.001;-1;1;-5;0;-45.0009;-36.2322;31.5754;134.999;16.3646;-360.001;-1;1;-5;0;-45.0009;-36.2322;31.5754;134.999;16.3646;-360.001
237;5;0;0;0;0;TRUE;FALSE;TRUE;FALSE;44.9983;3.54624;17.7529;179.999;58.6047;-90.0009;0;1;-2;0;44.9991;3.54686;17.7529;179.999;58.6047;-90.0009;0;1;-2;0;44.9991;3.54686;17.7529;179.999;58.6047;-90.0009
238;5;0;0;0;0;FALSE;TRUE;FALSE;TRUE;135;-9.89398;46.1477;-44.9994;19.1552;-44.9995;1;-1;-1;0;135.001;-9.89349;46.1476;-44.9995;19.1552;-44.9995;1;-1;-1;0;135.001;-9.89349;46.1476;-44.9995;19.1553;-44.9995
246;7;0;-4;4;0;TRUE;FALSE;TRUE;FALSE;-89.9986;14.1081;3.82337;-270;13.7572;225;-1;-3;2;0;-89.9997;14.1087;3.82335;-270;13.7571;225;-1;-3;2;0;-89.9997;14.1087;3.82335;-270;13.7571;225
247;5;0;0;0;0;TRUE;FALSE;TRUE;FALSE;-0.00205768;2.54617;2.34753;180;2.98835;134.999;-1;2;1;0;-0.000223775;2.54708;2.34748;180;2.98837;135;-1;1;1;0;-0.000223793;2.54708;2.34748;180;2.98837;135
248;4;0;-4;0;0;TRUE;FALSE;TRUE;FALSE;-134.998;-25.0812;-43.9525;-180;42.5075;-44.9996;-2;-2;-1;0;-135;-25.0807;-43.9522;-180;42.5074;-44.9995;-2;-2;-1;0;-135;-25.0807;-43.9522;-180;42.5074;-44.9995
250;5;0;0;0;0;TRUE;FALSE;TRUE;FALSE;45.0002;10.3105;-19.5606;89.9991;11.7631;-45.0007;0;0;-1;0;44.9992;10.311;-19.5605;89.9992;11.7631;-45.0008;0;0;-1;0;44.9992;10.311;-19.5605;89.9992;11.7631;-45.0008
250;8;0;0;4;0;FALSE;TRUE;FALSE;TRUE;45.0001;10.3106;-19.5605;89.9994;11.7631;314.999;0;0;3;0;44.9992;10.311;-19.5605;89.9992;11.7631;314.999;0;0;3;0;44.9992;10.311;-19.5605;89.9992;11.7631;314.999
251;4;0;-4;0;0;TRUE;FALSE;TRUE;FALSE;0.00119323;17.4372;-57.7785;-135.001;53.0272;-0.000635642;0;-2;-1;0;-0.000685878;17.4377;-57.7786;-135.001;53.0271;-0.000678983;-1;-2;-1;0;-0.000685784;17.4377;-57.7786;-135.001;53.0271;-0.000680096
252;7;0;-4;4;0;TRUE;FALSE;TRUE;FALSE;-44.9995;-1.45968;-78.3458;-135;5.44572;270;-1;-2;2;0;-45.0004;-1.45937;-78.3456;-135;5.44571;270;-1;-2;2;0;-45.0004;-1.45938;-78.3456;-135;5.44572;270
254;5;0;0;0;0;FALSE;TRUE;FALSE;TRUE;90.0017;44.1526;-40.1318;-90.0001;39.3031;-45.0005;1;-2;-1;0;89.9996;44.1536;-40.1315;-90.0004;39.303;-45.0004;0;-2;-1;0;89.9996;44.1536;-40.1315;-90.0004;39.303;-45.0004
254;8;0;0;4;0;TRUE;FALSE;TRUE;FALSE;90.0019;44.1522;-40.1316;-90.0007;39.3029;315;1;-2;3;0;89.9996;44.1536;-40.1315;-90.0004;39.303;315;0;-2;3;0;89.9996;44.1536;-40.1315;-90.0004;39.303;315
261;5;0;0;0;0;FALSE;TRUE;FALSE;TRUE;-89.9994;-53.9171;36.9512;-89.9996;25.4872;0.000426596;-1;-1;0;0;-89.9996;-53.917;36.9512;-89.9996;25.4872;0.000422626;-1;-1;0;0;-89.9996;-53.917;36.9512;-89.9996;25.4872;0.000423756
263;2;0;0;-4;0;TRUE;FALSE;TRUE;FALSE;-45.0037;31.9183;9.982;180;50.5367;-359.999;-1;2;-4;0;-44.9999;31.9181;9.98078;180;50.5368;-360;-1;2;-4;0;-44.9999;31.9181;9.98078;180;50.5368;-360
263;5;0;0;0;0;FALSE;TRUE;FALSE;TRUE;-45.0027;31.9185;9.98153;180;50.537;-0.000128394;-1;1;-1;0;-44.9999;31.9181;9.98078;180;50.5368;7.12526E-5;-1;2;0;0;-44.9999;31.9181;9.98078;180;50.5368;7.1341E-5
264;4;0;-4;0;0;TRUE;FALSE;TRUE;FALSE;44.999;13.6285;-66.7807;-135;32.0811;-45.0002;0;-2;-1;0;44.9997;13.6289;-66.7806;-135;32.0811;-45.0003;0;-2;-1;0;44.9997;13.6289;-66.7806;-135;32.0811;-45.0003
265;5;0;0;0;0;TRUE;FALSE;TRUE;FALSE;135;9.28132;-28.5748;90.0009;28.721;-134.999;1;1;-2;0;135.001;9.28191;-28.5745;90.0008;28.721;-134.999;1;1;-2;0;135.001;9.28191;-28.5745;90.0008;28.721;-134.999
267;7;0;-4;4;0;FALSE;FALSE;TRUE;FALSE;-135;32.2035;-24.349;-180;56.0228;315;-2;-2;3;0;-135;32.2037;-24.3492;-180;56.0228;315;-2;-2;3;0;-135;32.2037;-24.3492;-180;56.0228;315
268;5;0;0;0;0;TRUE;FALSE;TRUE;FALSE;-45.0018;58.4132;2.14157;135.001;11.1809;-135;-1;1;-2;0;-44.9997;58.4142;2.14118;135;11.1808;-135;-1;1;-2;0;-44.9997;58.4142;2.14118;135;11.1808;-135
278;1;0;-4;-4;0;TRUE;FALSE;TRUE;FALSE;0.00249569;56.018;-54.9579;-270;55.0964;-180;0;-3;-2;0;0.000114317;56.0192;-54.9577;-270;55.0963;-180;0;-3;-2;0;0.000114317;56.0192;-54.9577;-270;55.0963;-180
278;2;0;0;-4;0;FALSE;TRUE;FALSE;TRUE;0.00239286;56.0179;-54.9579;90.0001;55.0963;-180;0;1;-3;0;0.000114317;56.0192;-54.9577;90.0001;55.0963;-180;0;1;-2;0;0.000114317;56.0192;-54.9577;90.0001;55.0963;-180
279;4;0;-4;0;0;FALSE;TRUE;FALSE;TRUE;44.9974;40.5311;-53.7437;-225;13.7626;-90.0002;0;-3;-2;0;44.9999;40.5316;-53.7437;-225;13.7626;-90.0002;0;-3;-2;0;44.9999;40.5316;-53.7437;-225;13.7626;-90.0002
279;7;0;-4;4;0;TRUE;FALSE;TRUE;FALSE;44.9967;40.531;-53.7437;-225;13.7627;270;0;-3;2;0;44.9999;40.5316;-53.7437;-225;13.7626;270;0;-3;2;0;44.9999;40.5316;-53.7437;-225;13.7626;270
280;1;0;-4;-4;0;FALSE;TRUE;FALSE;TRUE;89.999;-13.3177;-24.0516;-135.001;49.4253;-135.001;0;-2;-2;0;89.999;-13.3177;-24.0516;-135.001;49.4253;-135.001;0;-2;-2;0;89.999;-13.3177;-24.0516;-135.001;49.4253;-135.001
280;2;0;0;-4;0;TRUE;FALSE;TRUE;FALSE;89.999;-13.3177;-24.0516;224.999;49.4253;-135.001;0;2;-2;0;89.999;-13.3177;-24.0516;224.999;49.4253;-135.001;0;2;-2;0;89.999;-13.3177;-24.0516;224.999;49.4253;-135.001
281;5;0;0;0;0;TRUE;FALSE;TRUE;FALSE;89.9991;-5.53912;-68.673;-90.0011;2.89315;179.999;0;-2;1;0;89.9991;-5.53912;-68.673;-90.001;2.89315;179.999;0;-2;1;0;89.9991;-5.53912;-68.673;-90.001;2.89315;179.999
283;5;0;0;0;0;TRUE;FALSE;TRUE;FALSE;-44.9991;-5.94197;-41.7701;180.001;24.0187;-89.999;-1;2;-1;0;-44.999;-5.94196;-41.7701;180.001;24.0187;-89.999;-1;2;-1;0;-44.999;-5.94196;-41.7701;180.001;24.0187;-89.999
283;8;0;0;4;0;FALSE;TRUE;FALSE;TRUE;-44.9991;-5.94197;-41.7701;180.001;24.0187;270.001;-1;2;3;0;-44.999;-5.94196;-41.7701;180.001;24.0187;270.001;-1;2;3;0;-44.999;-5.94196;-41.7701;180.001;24.0187;270.001
284;2;0;0;-4;0;FALSE;TRUE;FALSE;TRUE;44.9999;50.6862;-65.7413;-134.999;49.5993;-179.999;0;-2;-2;0;45.0006;50.687;-65.7411;-134.999;49.5993;-179.999;0;-2;-2;0;45.0006;50.687;-65.7411;-134.999;49.5993;-179.999
284;3;0;4;-4;0;TRUE;FALSE;TRUE;FALSE;44.9999;50.6863;-65.7413;225.001;49.5994;-179.999;0;2;-2;0;45.0006;50.687;-65.7411;225.001;49.5993;-179.999;0;2;-2;0;45.0006;50.687;-65.7411;225.001;49.5993;-179.999
286;2;0;0;-4;0;TRUE;FALSE;TRUE;FALSE;-45.0006;-40.7519;16.6025;135.001;33.284;-359.999;-1;1;-4;0;-44.9991;-40.7514;16.6024;135.001;33.2841;-359.999;-1;1;-4;0;-44.9991;-40.7514;16.6024;135.001;33.2841;-359.999
288;5;0;0;0;0;TRUE;FALSE;TRUE;FALSE;89.9997;0.210199;28.8498;-45;6.1507;225;0;-1;2;0;89.9998;0.210577;28.8498;-45.0002;6.1507;225;0;-1;2;0;89.9998;0.210577;28.8498;-45.0002;6.1507;225
290;5;0;0;0;0;FALSE;TRUE;FALSE;TRUE;-45.0012;34.9611;-39.1121;-90.0006;23.6194;-0.000846483;-1;-2;-1;0;-45.0008;34.9614;-39.1119;-90.0008;23.6195;-0.00078688;-1;-2;-1;0;-45.0008;34.9614;-39.1119;-90.0008;23.6195;-0.000788553
290;6;0;4;0;0;TRUE;FALSE;TRUE;FALSE;-45.0007;34.9595;-39.113;269.999;23.6197;-0.000974066;-1;2;-1;0;-45.0008;34.9614;-39.1119;269.999;23.6195;-0.00078688;-1;2;-1;0;-45.0008;34.9614;-39.1119;269.999;23.6195;-0.000791028
291;5;0;0;0;0;FALSE;TRUE;FALSE;TRUE;-89.9982;45.3836;-59.6155;135;25.3152;0.000140346;-1;1;0;0;-89.9996;45.3841;-59.6154;135;25.3151;0.000358387;-1;1;0;0;-89.9996;45.3841;-59.6154;135;25.3151;0.000359217
293;5;0;0;0;0;TRUE;FALSE;TRUE;FALSE;-134.999;-3.30182;-48.9074;180;54.373;135;-2;2;1;0;-135;-3.3015;-48.9074;180;54.373;135;-2;2;1;0;-135;-3.30151;-48.9074;180;54.373;135
294;3;0;4;-4;0;TRUE;FALSE;TRUE;FALSE;-134.999;31.9101;46.0247;270;31.1655;-270;-2;3;-3;0;-135;31.9108;46.0247;270;31.1655;-270;-2;3;-3;0;-135;31.9108;46.0247;270;31.1655;-270
295;5;0;0;0;0;TRUE;FALSE;TRUE;FALSE;-90.0008;51.5504;-76.5604;180;51.1101;135;-2;1;1;0;-90.0003;51.5513;-76.5603;180;51.1099;135;-2;1;1;0;-90.0003;51.5513;-76.5603;180;51.1099;135
296;5;0;0;0;0;TRUE;FALSE;TRUE;FALSE;-90.0001;12.9154;-36.5089;-90.0005;53.2833;-0.000247585;-2;-2;-1;0;-90.0004;12.9148;-36.5093;-90.0004;53.2835;-0.000410538;-2;-2;-1;0;-90.0004;12.9148;-36.5093;-90.0004;53.2835;-0.000410538
297;2;0;0;-4;0;FALSE;TRUE;FALSE;TRUE;-0.000753244;-1.83364;5.9934;-89.9998;21.8891;-179.999;-1;-1;-2;0;0.000436422;-1.83294;5.99353;-89.9996;21.8891;-180;0;-1;-2;0;0.000436414;-1.83294;5.99353;-89.9996;21.8891;-180
297;5;0;0;0;0;TRUE;FALSE;TRUE;FALSE;-0.000538653;-1.83342;5.99334;-89.9993;21.8891;180;-1;-1;2;0;0.000436422;-1.83294;5.99353;-89.9996;21.8891;180;0;-1;2;0;0.000436422;-1.83294;5.99353;-89.9996;21.8891;180
298;2;0;0;-4;0;TRUE;FALSE;TRUE;FALSE;90.0001;37.9382;-61.6032;180.001;44.4338;-179.999;1;2;-2;0;90.0009;37.9388;-61.6031;180.001;44.4337;-179.999;1;2;-2;0;90.0009;37.9388;-61.6031;180.001;44.4337;-179.999
299;5;0;0;0;0;FALSE;TRUE;FALSE;TRUE;89.9992;27.0766;-66.003;179.999;6.61947;-0.000736075;0;1;-1;0;89.9992;27.0766;-66.003;179.999;6.61947;-0.000745391;0;1;-1;0;89.9992;27.0766;-66.003;179.999;6.61947;-0.000765309
299;8;0;0;4;0;TRUE;FALSE;TRUE;FALSE;89.9992;27.0766;-66.003;179.999;6.61947;359.999;0;1;3;0;89.9992;27.0766;-66.003;179.999;6.61947;359.999;0;1;3;0;89.9992;27.0766;-66.003;179.999;6.61947;359.999
301;5;0;0;0;0;FALSE;TRUE;FALSE;TRUE;134.999;11.1528;-76.4136;89.9999;19.3897;-0.000397524;1;0;-1;0;135;11.1533;-76.4135;89.9998;19.3896;-0.000262528;1;0;-1;0;135;11.1533;-76.4134;89.9998;19.3896;-0.000297551
303;5;0;0;0;0;FALSE;FALSE;FALSE;TRUE;-135;42.8598;-34.2839;90.0004;21.5468;45.0009;-2;1;0;0;-135;42.8608;-34.2836;90.0005;21.5467;45.0005;-2;1;0;0;-135;42.8608;-34.2836;90.0005;21.5467;45.0005
306;2;0;0;-4;0;FALSE;TRUE;FALSE;TRUE;-45.0006;-25.9706;43.7712;89.9995;19.3622;-315;-1;0;-4;0;-45.0005;-25.9706;43.7712;89.9995;19.3622;-315;-1;0;-4;0;-45.0005;-25.9706;43.7712;89.9995;19.3622;-315
306;5;0;0;0;0;TRUE;FALSE;TRUE;FALSE;-45.0017;-25.9705;43.7718;89.9994;19.3622;44.9994;-1;0;0;0;-45.0005;-25.9706;43.7712;89.9995;19.3622;44.9995;-1;0;0;0;-45.0005;-25.9706;43.7712;89.9995;19.3622;44.9995
307;5;0;0;0;0;TRUE;FALSE;TRUE;FALSE;-45.0009;28.1048;-18.1995;-0.000492484;9.06586;44.9992;-1;-1;0;0;-45.0007;28.1057;-18.1997;-0.000729667;9.06583;44.9993;-1;-1;0;0;-45.0007;28.1057;-18.1997;-0.000722029;9.06583;44.9992
308;4;0;-4;0;0;TRUE;FALSE;TRUE;FALSE;-0.00103496;16.7454;-33.2638;-224.999;52.3606;90.0004;-1;-3;1;0;0.000401838;16.7455;-33.264;-225;52.3606;90.0004;0;-3;1;0;0.00040179;16.7455;-33.264;-225;52.3606;90.0004
308;5;0;0;0;0;FALSE;TRUE;FALSE;TRUE;-0.000874799;16.7454;-33.2639;135;52.3606;90.0004;-1;1;1;0;0.000401838;16.7455;-33.264;135;52.3606;90.0004;0;1;1;0;0.000401939;16.7455;-33.264;135;52.3606;90.0004
311;4;0;-4;0;0;FALSE;TRUE;FALSE;TRUE;-45.0018;32.6282;10.7946;-180;58.0171;135;-1;-2;1;0;-44.9999;32.6286;10.7941;-180;58.0169;135;-1;-2;1;0;-44.9999;32.6286;10.7941;-180;58.0169;135
316;5;0;0;0;0;TRUE;FALSE;TRUE;FALSE;-89.9992;59.0688;26.3109;45.001;34.5531;-44.9992;-1;0;-1;0;-89.9991;59.0698;26.3106;45.0009;34.5531;-44.9991;-1;0;-1;0;-89.9991;59.0698;26.3106;45.0009;34.5531;-44.9991
317;5;0;0;0;0;TRUE;FALSE;TRUE;FALSE;-45.0032;58.5462;32.2104;89.9999;34.1373;-135;-1;0;-2;0;-44.9999;58.5461;32.2102;90.0001;34.1374;-135;-1;1;-2;0;-44.9999;58.5461;32.2102;90.0001;34.1374;-135
317;8;0;0;4;0;FALSE;TRUE;FALSE;TRUE;-45.0026;58.5462;32.2103;89.9998;34.1373;224.999;-1;0;2;0;-44.9999;58.5461;32.2102;90.0001;34.1374;225;-1;1;2;0;-44.9999;58.5461;32.2102;90.0001;34.1374;225
319;2;0;0;-4;0;TRUE;FALSE;TRUE;FALSE;45.0004;9.10133;2.9225;44.9998;21.2664;-180;0;0;-3;0;44.9998;9.10246;2.92276;44.9998;21.2665;-180;0;0;-3;0;44.9998;9.10246;2.92276;44.9998;21.2665;-180
320;5;0;0;0;0;TRUE;FALSE;TRUE;FALSE;-89.9988;6.24547;-16.6842;45.0007;14.2626;135.001;-1;0;1;0;-89.9993;6.24591;-16.6842;45.0007;14.2625;135.001;-1;0;1;0;-89.9993;6.24591;-16.6842;45.0007;14.2625;135.001
322;6;0;4;0;0;TRUE;FALSE;TRUE;FALSE;90.0002;22.8797;-59.2465;225;21.2885;90.0002;1;2;1;0;90.0002;22.8797;-59.2465;225;21.2885;90.0002;1;2;1;0;90.0002;22.8797;-59.2465;225;21.2885;90.0002
323;1;0;-4;-4;0;TRUE;FALSE;TRUE;FALSE;45.0021;37.2634;-31.0781;-180;12.1752;-225;0;-3;-3;0;44.9999;37.2649;-31.0779;-180;12.1751;-225;0;-3;-3;0;44.9999;37.2649;-31.0779;-180;12.1751;-225
325;2;0;0;-4;0;FALSE;TRUE;FALSE;TRUE;0.000560045;32.7523;-57.7192;89.9995;33.5441;-135;0;0;-2;0;-0.000494033;32.7531;-57.7191;89.9995;33.5441;-135;-1;0;-2;0;-0.000494009;32.7531;-57.7191;89.9995;33.5441;-135
325;5;0;0;0;0;TRUE;FALSE;TRUE;FALSE;0.000372201;32.7525;-57.7192;89.9996;33.5441;224.999;0;0;2;0;-0.000494033;32.7531;-57.7191;89.9995;33.5441;225;-1;0;2;0;-0.000493973;32.7531;-57.7191;89.9995;33.5441;225
326;5;0;0;0;0;FALSE;TRUE;FALSE;TRUE;89.9991;-2.93585;11.5279;135.001;38.871;-134.999;0;1;-2;0;90.0007;-2.93527;11.5281;135.001;38.8708;-134.999;1;1;-2;0;90.0007;-2.93527;11.5281;135.001;38.8708;-134.999
326;8;0;0;4;0;TRUE;FALSE;TRUE;FALSE;89.9995;-2.9359;11.5279;135.001;38.8708;225.001;0;1;2;0;90.0007;-2.93527;11.5281;135.001;38.8708;225.001;1;1;2;0;90.0007;-2.93527;11.5281;135.001;38.8708;225.001
327;5;0;0;0;0;TRUE;FALSE;TRUE;FALSE;0.00179513;-25.8096;-34.7398;45.0009;29.9478;45.0009;0;0;0;0;0.000888097;-25.8095;-34.7398;45.0009;29.9478;45.0009;0;0;0;0;0.000888543;-25.8095;-34.7398;45.0009;29.9478;45.0009
328;2;0;0;-4;0;TRUE;FALSE;TRUE;FALSE;-6.99735E-5;-55.0528;46.7335;179.999;21.8453;-315.001;-1;1;-4;0;-0.000625985;-55.0523;46.7348;179.999;21.8451;-315.001;-1;1;-4;0;-0.000625978;-55.0523;46.7348;179.999;21.8451;-315.001
330;2;0;0;-4;0;FALSE;TRUE;FALSE;TRUE;-89.9981;-0.48582;-34.5258;0.000839626;20.6605;-314.999;-1;0;-4;0;-89.9991;-0.485245;-34.5256;0.000901937;20.6604;-314.999;-1;0;-4;0;-89.9991;-0.485245;-34.5256;0.000906653;20.6604;-314.999
330;5;0;0;0;0;TRUE;FALSE;TRUE;FALSE;-89.9978;-0.486043;-34.5258;0.000818648;20.6604;45.0009;-1;0;0;0;-89.9991;-0.485245;-34.5256;0.000901937;20.6604;45.0009;-1;0;0;0;-89.9991;-0.485245;-34.5256;0.000902731;20.6604;45.0009
331;2;0;0;-4;0;TRUE;FALSE;TRUE;FALSE;-90.0006;-13.0284;42.3588;89.9993;3.20627;-225.001;-2;0;-3;0;-90.0006;-13.0284;42.3588;89.9993;3.20627;-225.001;-2;0;-3;0;-90.0006;-13.0284;42.3588;89.9993;3.20627;-225.001
331;5;0;0;0;0;FALSE;TRUE;FALSE;TRUE;-90.0007;-13.0284;42.3587;89.9992;3.20627;134.999;-2;0;1;0;-90.0006;-13.0284;42.3588;89.9993;3.20627;134.999;-2;0;1;0;-90.0006;-13.0284;42.3588;89.9993;3.20627;134.999
336;5;0;0;0;0;TRUE;FALSE;TRUE;FALSE;45.0012;6.24512;-27.8327;180;45.3731;-45;0;1;-1;0;44.9999;6.24592;-27.8326;180;45.3731;-45.0001;0;1;-1;0;44.9999;6.24592;-27.8326;180;45.3731;-45.0001
336;8;0;0;4;0;FALSE;TRUE;FALSE;TRUE;45.0009;6.24549;-27.8327;180;45.3731;315;0;1;3;0;44.9999;6.24592;-27.8326;180;45.3731;315;0;1;3;0;44.9999;6.24592;-27.8326;180;45.3731;315
337;2;0;0;-4;0;FALSE;TRUE;FALSE;TRUE;-89.9982;-8.9789;-25.3453;-135;43.1501;-180;-1;-2;-2;0;-89.9995;-8.97794;-25.345;-135;43.1501;-180;-1;-2;-2;0;-89.9995;-8.97794;-25.345;-135;43.1501;-180
337;5;0;0;0;0;TRUE;FALSE;TRUE;FALSE;-89.9985;-8.97856;-25.3452;-135;43.1502;180;-1;-2;2;0;-89.9995;-8.97794;-25.345;-135;43.1501;180;-1;-2;2;0;-89.9995;-8.97794;-25.345;-135;43.1501;180
338;4;0;-4;0;0;TRUE;FALSE;TRUE;FALSE;44.9993;49.3019;-16.2834;-225;7.19999;0.000104905;0;-3;0;0;45;49.3027;-16.2835;-225;7.19993;5.2336E-5;0;-3;0;0;45;49.3027;-16.2835;-225;7.19993;4.18989E-5
338;7;0;-4;4;0;FALSE;TRUE;FALSE;TRUE;44.9993;49.301;-16.2833;-224.999;7.19979;359.999;0;-3;3;0;45;49.3027;-16.2835;-225;7.19993;360;0;-3;4;0;45;49.3027;-16.2835;-225;7.19993;360
339;8;0;0;4;0;TRUE;FALSE;TRUE;FALSE;134.998;10.6397;-27.1381;90.0002;37.1166;270;1;1;2;0;135;10.6406;-27.1383;89.9999;37.1166;270;1;0;2;0;135;10.6406;-27.1383;89.9999;37.1166;270
340;5;0;0;0;0;FALSE;TRUE;FALSE;TRUE;45.0019;27.9875;2.5657;-134.999;48.2772;-44.9996;0;-2;-1;0;45.0005;27.9885;2.56569;-135;48.2772;-44.9995;0;-2;-1;0;45.0005;27.9885;2.56569;-135;48.2772;-44.9995
340;6;0;4;0;0;TRUE;FALSE;TRUE;FALSE;45.002;27.9876;2.56584;225;48.2774;-44.9995;0;2;-1;0;45.0005;27.9885;2.56569;225;48.2772;-44.9995;0;2;-1;0;45.0005;27.9885;2.56569;225;48.2772;-44.9995
341;5;0;0;0;0;TRUE;FALSE;TRUE;FALSE;134.998;-46.5964;24.2198;44.9992;38.9624;-45.0009;1;0;-1;0;134.999;-46.5963;24.2198;44.9991;38.9624;-45.0009;1;0;-1;0;134.999;-46.5963;24.2198;44.9991;38.9624;-45.0009
342;5;0;0;0;0;TRUE;FALSE;TRUE;FALSE;135.001;41.237;26.3703;90.001;38.6897;135.001;1;1;1;0;135.001;41.2384;26.3701;90.001;38.6895;135.001;1;1;1;0;135.001;41.2384;26.3701;90.001;38.6895;135.001
344;2;0;0;-4;0;FALSE;TRUE;FALSE;TRUE;44.9993;25.3141;26.16;0.000537172;56.726;-179.999;0;0;-2;0;45.0005;25.3151;26.1599;0.000467155;56.726;-180;0;0;-2;0;45.0005;25.3151;26.1599;0.000467282;56.726;-180
344;5;0;0;0;0;TRUE;FALSE;TRUE;FALSE;44.9998;25.3145;26.1599;0.000401294;56.7261;180;0;0;2;0;45.0005;25.3151;26.1599;0.000467155;56.726;180;0;0;2;0;45.0005;25.3151;26.1599;0.000467608;56.726;180
345;7;0;-4;4;0;TRUE;FALSE;TRUE;FALSE;-90.0001;3.5501;-49.0662;-180.001;11.9132;269.999;-2;-3;2;0;-90.0005;3.55052;-49.0661;-180.001;11.9132;269.999;-2;-3;2;0;-90.0005;3.55052;-49.0661;-180.001;11.9132;269.999
346;2;0;0;-4;0;FALSE;TRUE;FALSE;TRUE;0.000775132;-25.0075;35.515;135.001;14.1563;-359.999;0;1;-4;0;0.000866128;-25.0075;35.515;135.001;14.1563;-359.999;0;1;-4;0;0.000866168;-25.0075;35.515;135.001;14.1563;-359.999
346;5;0;0;0;0;TRUE;FALSE;TRUE;FALSE;0.000454149;-25.008;35.5149;135.001;14.1563;0.000870646;0;1;0;0;0.000866128;-25.0075;35.515;135.001;14.1563;0.000873368;0;1;0;0;0.000866243;-25.0075;35.515;135.001;14.1563;0.000871298
347;4;0;-4;0;0;TRUE;FALSE;TRUE;FALSE;-44.9991;-30.4386;37.467;-224.999;56.8944;45.0009;-1;-3;0;0;-44.9991;-30.4386;37.467;-224.999;56.8944;45.0009;-1;-3;0;0;-44.9991;-30.4386;37.467;-224.999;56.8944;45.0009
350;4;0;-4;0;0;TRUE;FALSE;TRUE;FALSE;-45.0003;30.2328;-49.7723;-269.999;43.8258;0.000577384;-1;-3;0;0;-44.9994;30.2335;-49.7723;-269.999;43.8258;0.000653719;-1;-3;0;0;-44.9994;30.2335;-49.7723;-269.999;43.8258;0.000655603
353;2;0;0;-4;0;TRUE;FALSE;TRUE;FALSE;134.998;27.5739;-64.1703;179.999;32.5902;-180.001;1;1;-3;0;134.999;27.5747;-64.1701;179.999;32.5901;-180.001;1;1;-3;0;134.999;27.5747;-64.1701;179.999;32.5901;-180.001
353;5;0;0;0;0;FALSE;TRUE;FALSE;TRUE;134.998;27.5739;-64.1703;179.999;32.5902;179.999;1;1;1;0;134.999;27.5747;-64.1701;179.999;32.5901;179.999;1;1;1;0;134.999;27.5747;-64.1701;179.999;32.5901;179.999
354;5;0;0;0;0;FALSE;TRUE;FALSE;TRUE;134.999;52.8834;43.6919;45;34.5311;-90.0002;1;0;-2;0;135;52.8843;43.6918;44.9999;34.5311;-90.0001;1;0;-2;0;135;52.8843;43.6918;44.9999;34.5311;-90.0001
357;4;0;-4;0;0;TRUE;FALSE;TRUE;FALSE;-134.997;35.9893;-23.4126;-179.999;33.1284;-89.9993;-2;-2;-1;0;-134.999;35.9905;-23.4129;-179.999;33.1284;-89.9994;-2;-2;-1;0;-134.999;35.9905;-23.4129;-179.999;33.1285;-89.9994
357;7;0;-4;4;0;FALSE;TRUE;FALSE;TRUE;-134.997;35.9895;-23.4125;-179.999;33.1287;270;-2;-2;3;0;-134.999;35.9905;-23.4129;-179.999;33.1284;270.001;-2;-2;3;0;-134.999;35.9905;-23.4129;-179.999;33.1285;270.001
360;5;0;0;0;0;TRUE;FALSE;TRUE;FALSE;-89.9989;56.1647;-39.6194;179.999;53.1114;179.999;-1;1;1;0;-90.0008;56.1657;-39.6197;179.999;53.1114;179.999;-2;1;1;0;-90.0008;56.1657;-39.6197;179.999;53.1114;179.999
361;5;0;0;0;0;FALSE;TRUE;FALSE;FALSE;-45.0012;38.5612;-22.5996;180;4.84322;89.9999;-1;1;0;0;-45.0001;38.5614;-22.5996;180;4.84329;89.9998;-1;1;0;0;9E+9;9E+9;9E+9;9E+9;9E+9;9E+9
362;4;0;-4;0;0;TRUE;FALSE;TRUE;FALSE;0.000847975;-58.6193;33.9796;-179.999;25.7015;-134.999;0;-2;-2;0;0.000975443;-58.6193;33.9796;-179.999;25.7015;-134.999;0;-2;-2;0;0.000975716;-58.6193;33.9796;-179.999;25.7015;-134.999
363;5;0;0;0;0;TRUE;FALSE;TRUE;FALSE;135;19.7187;-76.4851;90.0007;57.8594;180.001;1;1;2;0;135.001;19.7192;-76.4849;90.0007;57.8594;180.001;1;1;2;0;135.001;19.7193;-76.4849;90.0007;57.8594;180.001
364;4;0;-4;0;0;TRUE;FALSE;TRUE;FALSE;0.00169497;-45.5895;-8.11497;-225;42.077;-45.0003;0;-3;-1;0;-8.78707E-6;-45.5892;-8.11457;-225;42.0771;-45;-1;-3;-1;0;-9.67476E-6;-45.5892;-8.11457;-225;42.0771;-45
368;4;0;-4;0;0;TRUE;FALSE;TRUE;FALSE;0.00170245;19.36;41.5658;-225;19.939;-44.9999;0;-3;-1;0;0.000310973;19.3603;41.5653;-225;19.939;-44.9997;0;-3;-1;0;0.00031108;19.3603;41.5653;-225;19.939;-44.9997
374;5;0;0;0;0;TRUE;FALSE;TRUE;FALSE;0.000624508;4.52794;-20.3898;90.0002;25.978;45.0001;0;1;0;0;0.000127523;4.52833;-20.3897;90.0001;25.978;45.0001;0;1;0;0;0.00012739;4.52833;-20.3897;90.0001;25.978;45.0001
383;2;0;0;-4;0;TRUE;FALSE;TRUE;FALSE;134.999;-38.3273;15.9512;135;36.3622;-135;1;1;-2;0;135;-38.327;15.9517;135;36.3622;-135;1;1;-2;0;135;-38.327;15.9517;135;36.3622;-135
389;5;0;0;0;0;FALSE;TRUE;FALSE;TRUE;0.00172661;41.9995;-16.4261;90.0009;34.2711;180.001;0;1;2;0;0.000768794;42.0002;-16.4263;90.0008;34.2711;180.001;0;1;2;0;0.000768928;42.0002;-16.4263;90.0008;34.2711;180.001
392;2;0;0;-4;0;FALSE;TRUE;FALSE;FALSE;90.0003;-24.601;-28.4912;-135;7.45445;-360;1;-2;-4;0;90.0003;-24.601;-28.4912;-135;7.45445;-360;1;-2;-4;0;9E+9;9E+9;9E+9;9E+9;9E+9;9E+9
392;5;0;0;0;0;TRUE;FALSE;TRUE;TRUE;90.0002;-24.601;-28.4912;-135;7.45445;0.000299942;1;-2;0;0;90.0003;-24.601;-28.4912;-135;7.45445;0.000298365;1;-2;0;0;90.0003;-24.601;-28.4912;-135;7.45445;0.000290175
393;5;0;0;0;0;FALSE;TRUE;FALSE;TRUE;89.9997;36.9382;-43.4446;90.0003;30.9697;-134.999;0;1;-2;0;90.0003;36.939;-43.4443;90.0003;30.9696;-135;1;1;-2;0;90.0003;36.939;-43.4443;90.0003;30.9696;-135
393;8;0;0;4;0;TRUE;FALSE;TRUE;FALSE;90.0003;36.9382;-43.4446;90.0004;30.9696;225;1;1;2;0;90.0003;36.939;-43.4443;90.0003;30.9696;225;1;1;2;0;90.0003;36.939;-43.4443;90.0003;30.9696;225
394;7;0;-4;4;0;TRUE;FALSE;TRUE;FALSE;-0.000370302;-42.8242;47.9608;-270;43.8716;360;-1;-4;3;0;-0.000493266;-42.8242;47.9608;-270;43.8716;360;-1;-4;3;0;-0.000492971;-42.8242;47.9608;-270;43.8716;360
396;7;0;-4;4;0;FALSE;TRUE;FALSE;FALSE;45.0006;25.0801;-68.4471;-270;9.68655;225;0;-3;2;0;45;25.0807;-68.4469;-270;9.68658;225;0;-4;2;0;9E+9;9E+9;9E+9;9E+9;9E+9;9E+9
397;5;0;0;0;0;FALSE;TRUE;FALSE;TRUE;-44.9967;-23.6378;-52.9938;-45.0013;45.9958;-90.0001;-1;-1;-2;0;-45.0003;-23.6378;-52.9939;-45.0003;45.9957;-90.0003;-1;-1;-2;0;-45.0003;-23.6378;-52.9939;-45.0003;45.9957;-90.0003
398;4;0;-4;0;0;FALSE;TRUE;FALSE;TRUE;89.999;55.941;-6.65437;-135.001;47.2135;135;0;-2;1;0;89.9995;55.9423;-6.65456;-135.001;47.2134;134.999;0;-2;1;0;89.9995;55.9423;-6.65456;-135.001;47.2134;134.999
399;8;0;0;4;0;TRUE;FALSE;TRUE;FALSE;-44.9999;1.89465;-36.3903;179.999;27.7267;314.999;-1;1;3;0;-45.0007;1.8952;-36.3903;179.999;27.7267;314.999;-1;1;3;0;-45.0007;1.8952;-36.3903;179.999;27.7267;314.999
402;5;0;0;0;0;TRUE;FALSE;TRUE;FALSE;-134.999;-13.8931;-39.8101;45.0004;10.084;45.0009;-2;0;0;0;-134.999;-13.8926;-39.8102;45.0006;10.0839;45.0007;-2;0;0;0;-134.999;-13.8926;-39.8102;45.0006;10.0839;45.0007
404;2;0;0;-4;0;TRUE;FALSE;TRUE;FALSE;90.001;-2.85854;15.1106;135;28.8364;-270;1;1;-3;0;90.0001;-2.85836;15.1106;135;28.8363;-270;1;1;-3;0;90.0001;-2.85836;15.1106;135;28.8363;-270
404;5;0;0;0;0;FALSE;TRUE;FALSE;TRUE;90.0002;-2.85837;15.1106;135;28.8363;90.0001;1;1;1;0;90.0001;-2.85836;15.1106;135;28.8363;90.0001;1;1;1;0;90.0001;-2.85836;15.1106;135;28.8363;90.0001
405;5;0;0;0;0;FALSE;TRUE;FALSE;TRUE;0.000278223;-11.1794;-23.4644;-45.0008;20.2978;134.999;0;-1;1;0;-0.000662186;-11.1789;-23.4645;-45.0007;20.2979;134.999;-1;-1;1;0;-0.000661908;-11.1789;-23.4645;-45.0007;20.2979;134.999
406;5;0;0;0;0;TRUE;FALSE;TRUE;FALSE;134.999;-7.83229;-36.6365;-90.0001;8.57507;-89.9996;1;-2;-1;0;135;-7.83167;-36.6362;-89.9998;8.57509;-89.9999;1;-1;-1;0;135;-7.83167;-36.6362;-89.9999;8.57509;-89.9998
406;8;0;0;4;0;FALSE;TRUE;FALSE;TRUE;135;-7.8317;-36.6363;-89.9998;8.57509;270;1;-1;3;0;135;-7.83167;-36.6362;-89.9998;8.57509;270;1;-1;3;0;135;-7.83167;-36.6362;-89.9998;8.57509;270
408;5;0;0;0;0;FALSE;TRUE;FALSE;TRUE;-89.9993;-2.884;-22.3853;-44.9994;29.9478;0.000548517;-1;-1;0;0;-89.9995;-2.884;-22.3853;-44.9994;29.9478;0.00054559;-1;-1;0;0;-89.9995;-2.884;-22.3853;-44.9994;29.9478;0.000542822
409;5;0;0;0;0;TRUE;FALSE;TRUE;FALSE;-90.0009;28.7929;11.9403;-90.0008;56.0393;-0.000797397;-2;-2;-1;0;-90.0008;28.7942;11.9407;-90.0008;56.0393;-0.000832456;-2;-2;-1;0;-90.0008;28.7942;11.9407;-90.0008;56.0393;-0.000832456
409;8;0;0;4;0;FALSE;TRUE;FALSE;TRUE;-90.0005;28.7938;11.9404;-90.0008;56.0394;359.999;-2;-2;3;0;-90.0008;28.7942;11.9407;-90.0008;56.0393;359.999;-2;-2;3;0;-90.0008;28.7942;11.9407;-90.0008;56.0393;359.999
411;1;0;-4;-4;0;TRUE;FALSE;TRUE;FALSE;90.0009;28.2889;47.7943;-225;4.9074;-180;1;-3;-2;0;90;28.2888;47.7941;-225;4.90738;-180;0;-3;-3;0;90;28.2888;47.7941;-225;4.90738;-180
413;6;0;4;0;0;FALSE;TRUE;FALSE;TRUE;-45.0036;41.0303;29.0365;225.001;51.3888;90.0014;-1;2;1;0;-44.9995;41.0297;29.0362;225;51.3883;90.0005;-1;2;1;0;-44.9995;41.0297;29.0362;225;51.3883;90.0005
414;2;0;0;-4;0;TRUE;FALSE;TRUE;FALSE;-89.9996;-20.8069;0.931141;135;20.1825;-225;-1;1;-3;0;-89.9997;-20.8069;0.931105;135;20.1825;-225;-1;1;-3;0;-89.9997;-20.8069;0.931105;135;20.1825;-225
418;4;0;-4;0;0;FALSE;TRUE;FALSE;TRUE;-45.0009;7.56041;-78.298;-135.001;4.34526;44.9994;-1;-2;0;0;-45.001;7.56061;-78.2979;-135.001;4.34525;44.9993;-1;-2;0;0;-45.001;7.5606;-78.2979;-135.001;4.34526;44.9994
418;5;0;0;0;0;TRUE;FALSE;TRUE;FALSE;-45.001;7.5606;-78.2979;224.999;4.34525;44.9993;-1;2;0;0;-45.001;7.56061;-78.2979;224.999;4.34525;44.9993;-1;2;0;0;-45.001;7.5606;-78.2979;224.999;4.34526;44.9994
419;2;0;0;-4;0;FALSE;TRUE;FALSE;TRUE;44.9984;14.8074;-47.2019;224.999;47.8378;-135.001;0;2;-2;0;44.9992;14.8082;-47.2014;224.999;47.8378;-135.001;0;2;-2;0;44.9992;14.8082;-47.2014;224.999;47.8378;-135.001
424;5;0;0;0;0;TRUE;FALSE;TRUE;FALSE;45.0008;-22.8724;32.7458;90.0008;21.8268;180.001;0;1;2;0;45.0008;-22.8724;32.7458;90.0008;21.8268;180.001;0;1;2;0;45.0008;-22.8724;32.7458;90.0008;21.8268;180.001
425;5;0;0;0;0;FALSE;TRUE;FALSE;TRUE;134.999;29.7858;-12.2406;135;27.8347;0.00052599;1;1;0;0;135;29.7867;-12.2407;135;27.8347;0.000426599;1;1;0;0;135;29.7867;-12.2407;135;27.8347;0.000422079
426;1;0;-4;-4;0;TRUE;FALSE;TRUE;FALSE;89.9994;2.57637;-27.3485;-225.001;26.0915;-270.001;0;-3;-4;0;89.9993;2.57638;-27.3486;-225.001;26.0915;-270.001;0;-3;-4;0;89.9993;2.57638;-27.3486;-225.001;26.0915;-270.001
428;5;0;0;0;0;TRUE;FALSE;TRUE;FALSE;134.999;-1.09003;-25.0912;224.999;47.2903;-90.0006;1;2;-2;0;134.999;-1.08951;-25.0911;224.999;47.2903;-90.0006;1;2;-2;0;134.999;-1.08951;-25.0911;224.999;47.2903;-90.0006
429;8;0;0;4;0;TRUE;FALSE;TRUE;FALSE;135.002;49.5576;-17.8826;-89.999;12.9516;360.001;1;-1;4;0;135.001;49.559;-17.8823;-89.999;12.9514;360.001;1;-1;4;0;135.001;49.559;-17.8823;-89.999;12.9514;360.001
438;5;0;0;0;0;TRUE;FALSE;TRUE;FALSE;-134.999;-10.6882;42.7;180.001;23.1068;-44.9995;-2;2;-1;0;-134.999;-10.6882;42.7;180.001;23.1068;-44.9995;-2;2;-1;0;-134.999;-10.6882;42.7;180.001;23.1068;-44.9995
440;1;0;-4;-4;0;FALSE;TRUE;FALSE;TRUE;90.0005;51.3862;-54.3031;-180;45.3934;-315;1;-2;-4;0;89.9999;51.3865;-54.3031;-180;45.3932;-315;0;-3;-4;0;89.9999;51.3865;-54.3031;-180;45.3932;-315
440;4;0;-4;0;0;TRUE;FALSE;TRUE;FALSE;89.9994;51.3859;-54.3031;-180;45.3932;44.9999;0;-3;0;0;89.9999;51.3865;-54.3031;-180;45.3932;44.9999;0;-3;0;0;89.9999;51.3865;-54.3031;-180;45.3932;44.9999
442;5;0;0;0;0;TRUE;FALSE;TRUE;FALSE;-89.9993;44.05;17.273;224.999;46.7703;224.999;-1;2;2;0;-90.0009;44.051;17.2729;224.999;46.7702;224.999;-2;2;2;0;-90.0009;44.051;17.2729;224.999;46.7702;224.999
443;4;0;-4;0;0;TRUE;FALSE;TRUE;FALSE;-45.0015;0.818335;-33.72;-180.001;26.9961;44.9993;-1;-3;0;0;-45.0007;0.818501;-33.7202;-180.001;26.9961;44.9993;-1;-3;0;0;-45.0007;0.818501;-33.7202;-180.001;26.9961;44.9993
444;4;0;-4;0;0;FALSE;TRUE;FALSE;TRUE;-134.998;57.5457;-68.0583;-179.999;53.7669;-134.999;-2;-2;-2;0;-134.999;57.5463;-68.0581;-179.999;53.7669;-134.999;-2;-2;-2;0;-134.999;57.5463;-68.0582;-179.999;53.7669;-134.999
444;7;0;-4;4;0;TRUE;FALSE;TRUE;FALSE;-134.998;57.5453;-68.0583;-179.999;53.767;225.001;-2;-2;2;0;-134.999;57.5463;-68.0581;-179.999;53.7669;225.001;-2;-2;2;0;-134.999;57.5463;-68.0582;-179.999;53.7669;225.001
446;1;0;-4;-4;0;TRUE;FALSE;TRUE;FALSE;44.9992;12.1421;0.705002;-180.001;25.1869;-135.001;0;-3;-2;0;44.9992;12.1421;0.704976;-180.001;25.1869;-135.001;0;-3;-2;0;44.9992;12.1421;0.704976;-180.001;25.1869;-135.001
446;2;0;0;-4;0;FALSE;TRUE;FALSE;TRUE;44.9991;12.1421;0.704981;179.999;25.1869;-135.001;0;1;-2;0;44.9992;12.1421;0.704976;179.999;25.1869;-135.001;0;1;-2;0;44.9992;12.1421;0.704976;179.999;25.1869;-135.001
448;5;0;0;0;0;TRUE;FALSE;TRUE;FALSE;-134.999;37.9742;3.13702;0.000303539;57.0684;-89.9998;-2;0;-1;0;-135;37.9754;3.137;0.000226307;57.0684;-89.9998;-2;0;-1;0;-135;37.9754;3.137;0.000226778;57.0684;-89.9998
449;1;0;-4;-4;0;FALSE;TRUE;FALSE;TRUE;-90.0003;-24.8976;40.5576;-135;7.65038;-180;-2;-2;-3;0;-90.0002;-24.8976;40.5576;-135;7.65038;-180;-2;-2;-3;0;-90.0002;-24.8976;40.5576;-135;7.65038;-180
449;2;0;0;-4;0;TRUE;FALSE;TRUE;FALSE;-90.0007;-24.8976;40.5576;225;7.65037;-180;-2;2;-3;0;-90.0002;-24.8976;40.5576;225;7.65038;-180;-2;2;-3;0;-90.0002;-24.8976;40.5576;225;7.65038;-180
450;4;0;-4;0;0;FALSE;TRUE;FALSE;TRUE;-0.00025835;-32.7463;47.0325;-224.999;47.2116;45.0008;-1;-3;0;0;0.000746902;-32.7458;47.0324;-224.999;47.2115;45.0007;0;-3;0;0;0.000746773;-32.7458;47.0324;-224.999;47.2115;45.0007
450;5;0;0;0;0;TRUE;FALSE;TRUE;FALSE;0.000328083;-32.746;47.0324;135.001;47.2115;45.0008;0;1;0;0;0.000746902;-32.7458;47.0324;135.001;47.2115;45.0007;0;1;0;0;0.000746897;-32.7458;47.0324;135.001;47.2115;45.0007
451;4;0;-4;0;0;TRUE;FALSE;TRUE;FALSE;-44.9979;8.72797;21.2842;-224.999;59.167;-135;-1;-3;-2;0;-44.9996;8.72891;21.2839;-225;59.1668;-135;-1;-3;-2;0;-44.9996;8.72891;21.2839;-225;59.1668;-135
452;2;0;0;-4;0;TRUE;FALSE;TRUE;FALSE;-89.9985;50.7556;-49.308;180;37.1918;-180;-1;1;-3;0;-90.0002;50.7565;-49.3081;180;37.1917;-180;-2;1;-3;0;-90.0002;50.7565;-49.3081;180;37.1917;-180
455;4;0;-4;0;0;FALSE;TRUE;FALSE;TRUE;135;36.8035;-31.427;-270;13.2902;89.9997;1;-4;0;0;135;36.8035;-31.427;-270;13.2902;89.9997;1;-4;0;0;135;36.8035;-31.427;-270;13.2902;89.9997
455;5;0;0;0;0;TRUE;FALSE;TRUE;FALSE;134.999;36.8032;-31.4268;89.9997;13.2902;89.9996;1;0;0;0;135;36.8035;-31.427;89.9997;13.2902;89.9997;1;0;0;0;135;36.8035;-31.427;89.9997;13.2902;89.9997
461;4;0;-4;0;0;TRUE;FALSE;TRUE;FALSE;-90.0019;20.6337;40.863;-270.001;49.2919;44.9996;-2;-4;0;0;-90.0005;20.6348;40.8631;-270.001;49.2917;44.9995;-2;-4;0;0;-90.0005;20.6348;40.8631;-270.001;49.2917;44.9995
461;5;0;0;0;0;FALSE;TRUE;FALSE;TRUE;-90.0014;20.6337;40.863;89.9993;49.2916;44.9996;-2;0;0;0;-90.0005;20.6348;40.8631;89.9995;49.2917;44.9995;-2;0;0;0;-90.0005;20.6348;40.8631;89.9995;49.2917;44.9995
462;2;0;0;-4;0;TRUE;FALSE;TRUE;FALSE;-0.00026264;11.5666;4.7996;90.0007;55.0469;-179.999;-1;1;-2;0;0.000814675;11.5671;4.79935;90.0008;55.0468;-179.999;0;1;-2;0;0.000814675;11.5671;4.79935;90.0008;55.0468;-179.999
463;2;0;0;-4;0;TRUE;FALSE;TRUE;FALSE;44.9983;54.9227;15.2812;135.001;37.1991;-224.999;0;1;-3;0;45.0006;54.9242;15.2812;135.001;37.199;-224.999;0;1;-3;0;45.0006;54.9242;15.2812;135.001;37.199;-224.999
465;5;0;0;0;0;FALSE;TRUE;FALSE;TRUE;-45;-59.0955;35.7649;-90.0007;13.0155;89.9991;-1;-2;0;0;-45.0008;-59.0954;35.7649;-90.0008;13.0155;89.9992;-1;-2;0;0;-45.0008;-59.0954;35.7649;-90.0008;13.0155;89.9992
467;8;0;0;4;0;TRUE;FALSE;TRUE;FALSE;44.9999;12.6328;-3.4288;225;20.9735;270;0;2;2;0;45;12.6328;-3.42905;225;20.9735;270;0;2;2;0;45;12.6328;-3.42905;225;20.9735;270
468;4;0;-4;0;0;TRUE;FALSE;TRUE;FALSE;0.000584502;37.627;-74.7273;-180;10.6992;-90.0001;0;-3;-2;0;-5.2556E-5;37.6275;-74.7273;-180;10.6992;-90.0001;-1;-3;-2;0;-5.26041E-5;37.6275;-74.7273;-180;10.6992;-90.0001
468;7;0;-4;4;0;FALSE;TRUE;FALSE;TRUE;0.000838657;37.6268;-74.7273;-180;10.6993;270;0;-2;2;0;-5.2556E-5;37.6275;-74.7273;-180;10.6992;270;-1;-3;2;0;-5.2467E-5;37.6275;-74.7273;-180;10.6992;270
469;9;0;4;4;0;TRUE;FALSE;TRUE;FALSE;-89.9993;-5.74469;6.16007;269.999;29.4278;270;-1;2;2;0;-90.0005;-5.74419;6.16015;269.999;29.4278;269.999;-2;2;2;0;-90.0005;-5.74419;6.16016;269.999;29.4278;269.999
470;1;0;-4;-4;0;FALSE;TRUE;FALSE;TRUE;-90.0003;-33.7492;27.0208;-180;17.3754;-270;-2;-3;-4;0;-90.0003;-33.7492;27.0208;-180;17.3754;-270;-2;-3;-4;0;-90.0003;-33.7492;27.0208;-180;17.3754;-270
470;4;0;-4;0;0;TRUE;FALSE;TRUE;FALSE;-90.0009;-33.7484;27.0209;-180;17.3753;89.9994;-2;-3;0;0;-90.0003;-33.7492;27.0208;-180;17.3754;89.9997;-2;-3;0;0;-90.0003;-33.7492;27.0208;-180;17.3754;89.9997
472;4;0;-4;0;0;TRUE;FALSE;TRUE;FALSE;0.000139522;20.2059;-67.0504;-270;46.4882;-0.000435322;0;-4;-1;0;-0.000364208;20.2063;-67.0504;-270;46.4882;-0.000384347;-1;-4;-1;0;-0.00036414;20.2063;-67.0503;-270;46.4882;-0.000399117
472;5;0;0;0;0;FALSE;TRUE;FALSE;TRUE;0.000161133;20.2059;-67.0504;89.9998;46.4883;-0.000511942;0;0;-1;0;-0.000364208;20.2063;-67.0504;89.9997;46.4882;-0.000384347;-1;0;-1;0;-0.000364151;20.2063;-67.0504;89.9997;46.4882;-0.000388907
473;4;0;-4;0;0;TRUE;FALSE;TRUE;FALSE;134.999;40.5346;-67.249;-225;10.4392;134.999;1;-3;1;0;135;40.5353;-67.2488;-225;10.4392;135;1;-3;1;0;135;40.5353;-67.2488;-225;10.4392;135
474;4;0;-4;0;0;TRUE;FALSE;TRUE;FALSE;89.9997;-15.9105;38.4469;-270;54.4096;135;0;-4;1;0;89.9995;-15.9105;38.4469;-270;54.4096;135;0;-4;1;0;89.9995;-15.9105;38.4469;-270;54.4096;135
474;5;0;0;0;0;FALSE;TRUE;FALSE;TRUE;90.0003;-15.9108;38.4466;89.9994;54.4096;135;1;0;1;0;89.9995;-15.9105;38.4469;89.9995;54.4096;135;0;0;1;0;89.9995;-15.9105;38.4469;89.9995;54.4096;135
475;2;0;0;-4;0;FALSE;TRUE;FALSE;TRUE;44.9997;42.9045;-3.66702;-45.001;26.3277;-225.001;0;-1;-3;0;44.9991;42.9048;-3.6671;-45.0009;26.3277;-225.001;0;-1;-3;0;44.9991;42.9048;-3.6671;-45.0009;26.3277;-225.001
477;4;0;-4;0;0;TRUE;FALSE;TRUE;FALSE;-90.0008;-20.6197;34.2216;-135.001;36.1131;-45.0008;-2;-2;-1;0;-90.0008;-20.6201;34.2216;-135.001;36.1132;-45.0008;-2;-2;-1;0;-90.0008;-20.6201;34.2216;-135.001;36.1132;-45.0008
479;7;0;-4;4;0;TRUE;FALSE;TRUE;FALSE;89.9999;-9.03352;-47.5508;-270;35.9776;315;0;-3;3;0;90.0002;-9.03287;-47.5506;-270;35.9777;315;1;-3;3;0;90.0002;-9.03287;-47.5506;-270;35.9777;315
481;2;0;0;-4;0;TRUE;FALSE;TRUE;FALSE;-134.998;3.19447;-68.332;-135;7.03699;-224.999;-2;-2;-3;0;-134.999;3.19528;-68.3318;-134.999;7.03696;-224.999;-2;-2;-3;0;-134.999;3.19528;-68.3318;-134.999;7.03696;-224.999
482;2;0;0;-4;0;FALSE;TRUE;FALSE;TRUE;-90.0008;-33.5734;-1.89775;44.9996;11.8711;-135;-2;0;-2;0;-90.0003;-33.5734;-1.89763;44.9997;11.8711;-135;-2;0;-2;0;-90.0003;-33.5734;-1.89763;44.9997;11.8711;-135
483;4;0;-4;0;0;FALSE;TRUE;FALSE;TRUE;45.0007;-39.1839;13.4126;-179.999;19.1314;90.0008;0;-2;1;0;45.0008;-39.1839;13.4126;-179.999;19.1314;90.0008;0;-2;1;0;45.0008;-39.1839;13.4126;-179.999;19.1314;90.0008
484;4;0;-4;0;0;TRUE;FALSE;TRUE;FALSE;45.0007;-11.6743;-29.6297;-179.999;12.3344;0.000776886;0;-2;0;0;45.0007;-11.6733;-29.6298;-179.999;12.3344;0.000680984;0;-2;0;0;45.0007;-11.6733;-29.6298;-179.999;12.3344;0.000677411
484;7;0;-4;4;0;FALSE;TRUE;FALSE;TRUE;45.0005;-11.6737;-29.6298;-179.999;12.3344;360.001;0;-2;4;0;45.0007;-11.6733;-29.6298;-179.999;12.3344;360.001;0;-2;4;0;45.0007;-11.6733;-29.6298;-179.999;12.3344;360.001
485;2;0;0;-4;0;FALSE;TRUE;FALSE;TRUE;134.996;-13.9734;-69.2642;45.0011;47.8598;-135;1;0;-2;0;135;-13.9732;-69.2642;45;47.8597;-135;1;0;-2;0;135;-13.9732;-69.2642;45;47.8597;-135
485;5;0;0;0;0;TRUE;FALSE;TRUE;FALSE;134.996;-13.9734;-69.2642;45.0008;47.8598;225;1;0;2;0;135;-13.9732;-69.2642;45;47.8597;225;1;0;2;0;135;-13.9732;-69.2642;45;47.8597;225
486;5;0;0;0;0;TRUE;FALSE;TRUE;FALSE;44.9992;-24.9745;-22.5996;224.999;19.5471;44.9992;0;2;0;0;44.9992;-24.9745;-22.5996;224.999;19.5471;44.9992;0;2;0;0;44.9992;-24.9745;-22.5996;224.999;19.5471;44.9992
488;5;0;0;0;0;TRUE;FALSE;FALSE;FALSE;-0.00230145;-56.8986;12.0991;-45.0003;19.4774;-0.000973057;-1;-1;-1;0;-0.000711459;-56.8981;12.0994;-45.0007;19.4775;-0.00071639;-1;-1;-1;0;9E+9;9E+9;9E+9;9E+9;9E+9;9E+9
489;4;0;-4;0;0;TRUE;FALSE;TRUE;FALSE;89.9997;-2.94711;-53.5377;-269.999;25.9817;0.000535147;0;-3;0;0;90.0008;-2.94625;-53.5374;-269.999;25.9816;0.000787061;1;-3;0;0;90.0008;-2.94625;-53.5374;-269.999;25.9816;0.000783636
489;5;0;0;0;0;FALSE;TRUE;FALSE;TRUE;89.9997;-2.94703;-53.5377;90.0005;25.9816;0.000867611;0;1;0;0;90.0008;-2.94625;-53.5374;90.0008;25.9816;0.000787061;1;1;0;0;90.0008;-2.94625;-53.5374;90.0008;25.9816;0.000779283
490;4;0;-4;0;0;FALSE;TRUE;FALSE;TRUE;45.0009;31.207;0.228769;-180;26.8386;90.0005;0;-2;1;0;45.0004;31.2076;0.22889;-180;26.8386;90.0004;0;-2;1;0;45.0004;31.2076;0.228891;-180;26.8386;90.0004
491;5;0;0;0;0;TRUE;FALSE;TRUE;FALSE;-44.9971;29.8443;38.9831;180;19.1955;45.0007;-1;2;0;0;-44.9995;29.8453;38.9825;180;19.1955;45.0005;-1;2;0;0;-44.9995;29.8453;38.9825;180;19.1955;45.0005
493;3;0;4;-4;0;TRUE;FALSE;TRUE;FALSE;-3.358E-5;19.0307;-28.3444;270;3.00302;-360;-1;2;-4;0;-7.97153E-6;19.0307;-28.3444;270;3.00302;-360;-1;3;-4;0;-7.85964E-6;19.0307;-28.3444;270;3.00302;-360
493;8;0;0;4;0;FALSE;TRUE;FALSE;TRUE;-1.49095E-5;19.0307;-28.3444;-90;3.00302;360;-1;-2;4;0;-7.97153E-6;19.0307;-28.3444;-90;3.00302;360;-1;-2;4;0;-7.86893E-6;19.0307;-28.3444;-89.9999;3.00302;360
495;1;0;-4;-4;0;TRUE;FALSE;TRUE;FALSE;-0.000696797;-56.455;3.1489;-269.999;42.1138;-314.999;-1;-3;-4;0;0.000893293;-56.455;3.14889;-269.999;42.1137;-314.999;0;-3;-4;0;0.000892777;-56.455;3.14889;-269.999;42.1137;-314.999
495;4;0;-4;0;0;FALSE;TRUE;FALSE;TRUE;-0.00120201;-56.455;3.14885;-269.999;42.1139;45.0009;-1;-3;0;0;0.000893293;-56.455;3.14889;-269.999;42.1137;45.0009;0;-3;0;0;0.000891835;-56.455;3.14889;-269.999;42.1137;45.0009
496;5;0;0;0;0;TRUE;FALSE;TRUE;FALSE;-44.9991;26.9442;19.0781;-89.9995;40.7624;-44.9994;-1;-1;-1;0;-44.9994;26.9448;19.078;-89.9994;40.7624;-44.9994;-1;-1;-1;0;-44.9994;26.9448;19.078;-89.9994;40.7624;-44.9994
498;2;0;0;-4;0;TRUE;FALSE;TRUE;FALSE;0.000840958;19.2789;-40.6394;89.9999;13.3873;-225;0;0;-3;0;-0.000138064;19.2798;-40.6394;89.9999;13.3872;-225;-1;0;-3;0;-0.000138086;19.2798;-40.6394;89.9999;13.3872;-225
